ORDER,AAPL,o1,BUY,100,10.50,,2025-12-01T10:37:08.241Z,account=UNKNOWN
ORDER,AAPL,o1,BUY,100,10.50,,2025-12-01T10:37:08.241Z,account=UNKNOWN
ORDER,AAPL,o2,SELL,50,10.40,,2025-12-01T10:37:08.241Z,account=UNKNOWN
ORDER,AAPL,o2,SELL,50,10.40,,2025-12-01T10:37:08.241Z,account=UNKNOWN
TRADE,AAPL,o1,BUY,50,10.50,o2,2025-12-01T10:37:08.343Z,
ORDER,AAPL,o3,SELL,30,10.50,,2025-12-01T10:37:08.241Z,account=UNKNOWN
ORDER,AAPL,o3,SELL,30,10.50,,2025-12-01T10:37:08.241Z,account=UNKNOWN
TRADE,AAPL,o1,BUY,30,10.50,o3,2025-12-01T10:37:08.443Z,
ORDER,AAPL,o4,BUY,70,10.60,,2025-12-01T10:37:08.241Z,account=UNKNOWN
ORDER,AAPL,o4,BUY,70,10.60,,2025-12-01T10:37:08.241Z,account=UNKNOWN
AMEND,AAPL,o1,,120,10.70,,2025-12-01T10:37:10.643Z,
ORDER,AAPL,o1,BUY,100,10.50,,2025-12-01T10:40:34.357Z,account=UNKNOWN
ORDER,AAPL,o2,SELL,50,10.40,,2025-12-01T10:40:34.357Z,account=UNKNOWN
TRADE,AAPL,o1,BUY,50,10.50,o2,2025-12-01T10:40:34.459Z,
ORDER,AAPL,o3,SELL,30,10.50,,2025-12-01T10:40:34.357Z,account=UNKNOWN
TRADE,AAPL,o1,BUY,30,10.50,o3,2025-12-01T10:40:34.558Z,
ORDER,AAPL,o4,BUY,70,10.60,,2025-12-01T10:40:34.357Z,account=UNKNOWN
AMEND,AAPL,o1,,120,10.70,,2025-12-01T10:40:36.759Z,
ORDER,AAPL,o1,SELL,29,10.41,,2025-12-01T11:31:45.802Z,account=UNKNOWN
ORDER,AAPL,o2,BUY,61,10.23,,2025-12-01T11:31:46.008Z,account=UNKNOWN
ORDER,AAPL,o3,BUY,109,10.36,,2025-12-01T11:31:46.208Z,account=UNKNOWN
ORDER,AAPL,o4,BUY,62,10.83,,2025-12-01T11:31:46.409Z,account=UNKNOWN
TRADE,AAPL,o4,BUY,29,10.41,o1,2025-12-01T11:31:46.410Z,
ORDER,AAPL,o5,SELL,59,10.12,,2025-12-01T11:31:46.609Z,account=UNKNOWN
TRADE,AAPL,o4,BUY,33,10.83,o5,2025-12-01T11:31:46.610Z,
TRADE,AAPL,o3,BUY,26,10.36,o5,2025-12-01T11:31:46.610Z,
ORDER,AAPL,o6,BUY,61,10.35,,2025-12-01T11:31:46.810Z,account=UNKNOWN
ORDER,AAPL,o7,BUY,77,10.30,,2025-12-01T11:31:47.010Z,account=UNKNOWN
ORDER,AAPL,o8,SELL,86,10.28,,2025-12-01T11:31:47.211Z,account=UNKNOWN
TRADE,AAPL,o3,BUY,83,10.36,o8,2025-12-01T11:31:47.211Z,
TRADE,AAPL,o6,BUY,3,10.35,o8,2025-12-01T11:31:47.211Z,
ORDER,AAPL,o9,SELL,58,10.67,,2025-12-01T11:31:47.411Z,account=UNKNOWN
ORDER,AAPL,o10,SELL,79,10.12,,2025-12-01T11:31:47.611Z,account=UNKNOWN
TRADE,AAPL,o6,BUY,58,10.35,o10,2025-12-01T11:31:47.612Z,
TRADE,AAPL,o7,BUY,21,10.30,o10,2025-12-01T11:31:47.613Z,
ORDER,AAPL,o1,BUY,61,10.27,,2025-12-01T11:38:50.919Z,account=UNKNOWN
ORDER,AAPL,o2,BUY,88,10.21,,2025-12-01T11:38:53.774Z,account=UNKNOWN
ORDER,AAPL,o3,BUY,88,10.60,,2025-12-01T11:38:54.332Z,account=UNKNOWN
ORDER,AAPL,o4,BUY,86,10.72,,2025-12-01T11:38:55.782Z,account=UNKNOWN
ORDER,AAPL,o5,BUY,14,10.41,,2025-12-01T11:38:56.936Z,account=UNKNOWN
ORDER,AAPL,o6,BUY,43,10.33,,2025-12-01T11:38:57.387Z,account=UNKNOWN
ORDER,AAPL,o7,SELL,68,10.67,,2025-12-01T11:38:57.688Z,account=UNKNOWN
TRADE,AAPL,o4,BUY,68,10.72,o7,2025-12-01T11:38:57.689Z,
ORDER,AAPL,o8,SELL,43,10.28,,2025-12-01T11:38:57.992Z,account=UNKNOWN
TRADE,AAPL,o4,BUY,18,10.72,o8,2025-12-01T11:38:57.992Z,
TRADE,AAPL,o3,BUY,25,10.60,o8,2025-12-01T11:38:57.993Z,
ORDER,AAPL,o9,BUY,19,10.64,,2025-12-01T11:38:58.292Z,account=UNKNOWN
ORDER,AAPL,o10,BUY,91,10.17,,2025-12-01T11:38:58.594Z,account=UNKNOWN
ORDER,AAPL,o11,BUY,24,10.59,,2025-12-01T11:38:59.584Z,account=UNKNOWN
ORDER,AAPL,o12,SELL,63,10.78,,2025-12-01T11:39:00.304Z,account=UNKNOWN
ORDER,AAPL,o13,BUY,92,10.41,,2025-12-01T11:39:00.648Z,account=UNKNOWN
ORDER,AAPL,o14,BUY,93,10.49,,2025-12-01T11:39:01.083Z,account=UNKNOWN
ORDER,AAPL,o15,BUY,13,10.50,,2025-12-01T11:39:01.385Z,account=UNKNOWN
ORDER,AAPL,o16,BUY,24,10.70,,2025-12-01T11:39:01.686Z,account=UNKNOWN
ORDER,AAPL,o17,BUY,39,10.23,,2025-12-01T11:39:01.989Z,account=UNKNOWN
ORDER,AAPL,o18,BUY,94,10.54,,2025-12-01T11:39:02.880Z,account=UNKNOWN
ORDER,AAPL,o19,BUY,85,10.57,,2025-12-01T11:39:03.181Z,account=UNKNOWN
ORDER,AAPL,o20,SELL,71,10.24,,2025-12-01T11:39:04.028Z,account=UNKNOWN
TRADE,AAPL,o16,BUY,24,10.70,o20,2025-12-01T11:39:04.029Z,
TRADE,AAPL,o9,BUY,19,10.64,o20,2025-12-01T11:39:04.030Z,
TRADE,AAPL,o3,BUY,28,10.60,o20,2025-12-01T11:39:04.030Z,
ORDER,AAPL,o21,SELL,56,10.33,,2025-12-01T11:39:04.526Z,account=UNKNOWN
TRADE,AAPL,o3,BUY,35,10.60,o21,2025-12-01T11:39:04.526Z,
TRADE,AAPL,o11,BUY,21,10.59,o21,2025-12-01T11:39:04.527Z,
ORDER,AAPL,o22,SELL,63,10.40,,2025-12-01T11:39:05.149Z,account=UNKNOWN
TRADE,AAPL,o11,BUY,3,10.59,o22,2025-12-01T11:39:05.149Z,
TRADE,AAPL,o19,BUY,60,10.57,o22,2025-12-01T11:39:05.150Z,
ORDER,AAPL,o23,SELL,41,10.43,,2025-12-01T11:39:05.476Z,account=UNKNOWN
TRADE,AAPL,o19,BUY,25,10.57,o23,2025-12-01T11:39:05.477Z,
TRADE,AAPL,o18,BUY,16,10.54,o23,2025-12-01T11:39:05.478Z,
ORDER,AAPL,o24,BUY,54,10.16,,2025-12-01T11:39:05.806Z,account=UNKNOWN
ORDER,AAPL,o25,SELL,62,10.41,,2025-12-01T11:39:06.109Z,account=UNKNOWN
TRADE,AAPL,o18,BUY,62,10.54,o25,2025-12-01T11:39:06.110Z,
ORDER,AAPL,o26,BUY,84,10.39,,2025-12-01T11:39:06.410Z,account=UNKNOWN
ORDER,AAPL,o27,SELL,51,10.85,,2025-12-01T11:39:06.710Z,account=UNKNOWN
ORDER,AAPL,o28,SELL,76,10.31,,2025-12-01T11:39:07.011Z,account=UNKNOWN
TRADE,AAPL,o18,BUY,16,10.54,o28,2025-12-01T11:39:07.013Z,
TRADE,AAPL,o15,BUY,13,10.50,o28,2025-12-01T11:39:07.014Z,
TRADE,AAPL,o14,BUY,47,10.49,o28,2025-12-01T11:39:07.017Z,
ORDER,AAPL,o29,SELL,86,10.15,,2025-12-01T11:39:07.312Z,account=UNKNOWN
TRADE,AAPL,o14,BUY,46,10.49,o29,2025-12-01T11:39:07.313Z,
TRADE,AAPL,o5,BUY,14,10.41,o29,2025-12-01T11:39:07.314Z,
TRADE,AAPL,o13,BUY,26,10.41,o29,2025-12-01T11:39:07.314Z,
ORDER,AAPL,o30,BUY,61,10.48,,2025-12-01T11:39:07.613Z,account=UNKNOWN
ORDER,AAPL,o31,BUY,78,10.22,,2025-12-01T11:39:07.914Z,account=UNKNOWN
ORDER,AAPL,o32,SELL,10,10.77,,2025-12-01T11:39:08.214Z,account=UNKNOWN
ORDER,AAPL,o33,SELL,59,10.70,,2025-12-01T11:39:10.636Z,account=UNKNOWN
ORDER,AAPL,2,BUY,300,100.20,,2025-12-01T11:39:51.909Z,account=UNKNOWN
ORDER,AAPL,2,SELL,20,19.20,,2025-12-01T11:40:11.647Z,account=UNKNOWN
TRADE,AAPL,2,BUY,20,100.20,2,2025-12-01T11:40:11.649Z,
ORDER,ASE,3,BUY,29,128.09,,2025-12-01T11:50:23.974Z,account=2
ORDER,ASE,3,SELL,30,125.08,,2025-12-01T11:51:21.237Z,account=1
TRADE,ASE,3,BUY,29,128.09,3,2025-12-01T11:51:21.238Z,
ORDER,META,ORD00001,SELL,40,,,2025-12-02T04:00:56.138Z,account=AUTO
ORDER,AMZN,ORD00002,SELL,30,,,2025-12-02T04:00:58.794Z,account=AUTO
ORDER,TSLA,ORD00003,BUY,10,159,,2025-12-02T04:01:01.306Z,account=AUTO
ORDER,NFLX,ORD00004,SELL,30,,,2025-12-02T04:01:04.163Z,account=AUTO
ORDER,GOOGL,ORD00005,SELL,40,163,,2025-12-02T04:01:06.576Z,account=AUTO
ORDER,META,ORD00006,SELL,10,175,,2025-12-02T04:01:08.799Z,account=AUTO
ORDER,AMZN,ORD00007,BUY,10,,,2025-12-02T04:01:11.643Z,account=AUTO
ORDER,GOOGL,ORD00008,BUY,10,163,,2025-12-02T04:01:13.941Z,account=AUTO
TRADE,GOOGL,ORD00008,BUY,10,163,ORD00005,2025-12-02T04:01:13.953Z,
ORDER,AAPL,ORD00009,BUY,40,188,,2025-12-02T04:01:16.419Z,account=AUTO
ORDER,MSFT,ORD00010,SELL,10,110,,2025-12-02T04:01:19.085Z,account=AUTO
ORDER,AAPL,ORD00011,BUY,50,,,2025-12-02T04:01:21.887Z,account=AUTO
ORDER,META,ORD00012,SELL,50,120,,2025-12-02T04:01:24.601Z,account=AUTO
ORDER,NFLX,ORD00013,SELL,10,115,,2025-12-02T04:01:27.210Z,account=AUTO
ORDER,META,ORD00001,BUY,40,177,,2025-12-02T04:09:26.557Z,account=AUTO
ORDER,MSFT,ORD00002,BUY,10,,,2025-12-02T04:09:29.355Z,account=AUTO
ORDER,NFLX,ORD00003,BUY,10,111,,2025-12-02T04:09:31.594Z,account=AUTO
ORDER,GOOGL,ORD00004,SELL,30,,,2025-12-02T04:09:34.564Z,account=AUTO
ORDER,AAPL,ORD00005,BUY,30,150,,2025-12-02T04:09:37.542Z,account=AUTO
ORDER,GOOGL,ORD00006,SELL,50,,,2025-12-02T04:09:40.395Z,account=AUTO
ORDER,GOOGL,ORD00007,BUY,40,,,2025-12-02T04:09:43.152Z,account=AUTO
ORDER,GOOGL,ORD00008,BUY,10,,,2025-12-02T04:09:45.377Z,account=AUTO
ORDER,META,ORD00009,SELL,20,104,,2025-12-02T04:09:48.188Z,account=AUTO
TRADE,META,ORD00001,BUY,20,177,ORD00009,2025-12-02T04:09:48.190Z,
ORDER,AAPL,ORD00010,BUY,20,184,,2025-12-02T04:09:51.082Z,account=AUTO
ORDER,AAPL,ORD00011,BUY,50,,,2025-12-02T04:09:53.749Z,account=AUTO
ORDER,MSFT,ORD00012,BUY,10,,,2025-12-02T04:09:56.480Z,account=AUTO
ORDER,META,ORD00013,BUY,50,126,,2025-12-02T04:09:58.700Z,account=AUTO
ORDER,GOOGL,ORD00014,SELL,30,,,2025-12-02T04:10:01.048Z,account=AUTO
ORDER,MSFT,ORD00015,BUY,20,170,,2025-12-02T04:10:03.777Z,account=AUTO
ORDER,META,ORD00016,BUY,40,,,2025-12-02T04:10:06.076Z,account=AUTO
ORDER,AMZN,ORD00017,BUY,10,,,2025-12-02T04:10:08.810Z,account=AUTO
ORDER,MSFT,ORD00018,BUY,20,199,,2025-12-02T04:10:11.039Z,account=AUTO
ORDER,META,ORD00019,SELL,30,167,,2025-12-02T04:10:13.784Z,account=AUTO
TRADE,META,ORD00001,BUY,20,177,ORD00019,2025-12-02T04:10:13.784Z,
ORDER,MSFT,ORD00020,SELL,20,130,,2025-12-02T04:10:16.709Z,account=AUTO
TRADE,MSFT,ORD00018,BUY,20,199,ORD00020,2025-12-02T04:10:16.709Z,
ORDER,GOOGL,ORD00021,BUY,10,,,2025-12-02T04:10:19.225Z,account=AUTO
ORDER,AAPL,ORD00022,SELL,30,180,,2025-12-02T04:10:22.188Z,account=AUTO
TRADE,AAPL,ORD00010,BUY,20,184,ORD00022,2025-12-02T04:10:22.188Z,
ORDER,GOOGL,ORD00023,BUY,10,,,2025-12-02T04:10:24.563Z,account=AUTO
ORDER,META,ORD00024,SELL,40,,,2025-12-02T04:10:26.657Z,account=AUTO
TRADE,META,ORD00013,BUY,40,126,ORD00024,2025-12-02T04:10:26.657Z,
ORDER,META,ORD00025,SELL,30,161,,2025-12-02T04:10:28.971Z,account=AUTO
ORDER,GOOGL,ORD00026,SELL,50,,,2025-12-02T04:10:31.034Z,account=AUTO
ORDER,MSFT,ORD00027,SELL,40,,,2025-12-02T04:10:33.884Z,account=AUTO
TRADE,MSFT,ORD00015,BUY,20,170,ORD00027,2025-12-02T04:10:33.884Z,
ORDER,AMZN,ORD00028,SELL,30,,,2025-12-02T04:10:35.971Z,account=AUTO
ORDER,TSLA,ORD00029,SELL,40,,,2025-12-02T04:10:38.635Z,account=AUTO
ORDER,NFLX,ORD00030,SELL,50,,,2025-12-02T04:10:40.814Z,account=AUTO
TRADE,NFLX,ORD00003,BUY,10,111,ORD00030,2025-12-02T04:10:40.814Z,
ORDER,GOOGL,ORD00031,BUY,40,,,2025-12-02T04:10:43.658Z,account=AUTO
ORDER,AAPL,ORD00032,BUY,40,,,2025-12-02T04:10:46.447Z,account=AUTO
TRADE,AAPL,ORD00032,BUY,10,180,ORD00022,2025-12-02T04:10:46.447Z,
ORDER,MSFT,ORD00033,BUY,20,168,,2025-12-02T04:10:48.833Z,account=AUTO
ORDER,META,ORD00034,BUY,30,,,2025-12-02T04:10:51.403Z,account=AUTO
TRADE,META,ORD00034,BUY,30,161,ORD00025,2025-12-02T04:10:51.403Z,
ORDER,AAPL,ORD00035,SELL,50,,,2025-12-02T04:10:53.507Z,account=AUTO
TRADE,AAPL,ORD00005,BUY,30,150,ORD00035,2025-12-02T04:10:53.507Z,
ORDER,AMZN,ORD00036,SELL,30,118,,2025-12-02T04:10:56.217Z,account=AUTO
ORDER,MSFT,ORD00037,SELL,30,,,2025-12-02T04:10:59.164Z,account=AUTO
TRADE,MSFT,ORD00033,BUY,20,168,ORD00037,2025-12-02T04:10:59.164Z,
ORDER,MSFT,ORD00038,BUY,10,,,2025-12-02T04:11:01.977Z,account=AUTO
ORDER,MSFT,ORD00039,SELL,20,111,,2025-12-02T04:11:04.721Z,account=AUTO
ORDER,NFLX,ORD00040,BUY,50,,,2025-12-02T04:11:06.864Z,account=AUTO
ORDER,TSLA,ORD00041,SELL,40,153,,2025-12-02T04:11:09.359Z,account=AUTO
ORDER,AMZN,ORD00042,BUY,50,177,,2025-12-02T04:11:12.289Z,account=AUTO
TRADE,AMZN,ORD00042,BUY,30,118,ORD00036,2025-12-02T04:11:12.289Z,
ORDER,GOOGL,ORD00043,SELL,20,,,2025-12-02T04:11:15.057Z,account=AUTO
ORDER,META,ORD00044,SELL,30,,,2025-12-02T04:11:17.763Z,account=AUTO
TRADE,META,ORD00013,BUY,10,126,ORD00044,2025-12-02T04:11:17.763Z,
ORDER,AAPL,ORD00045,SELL,50,,,2025-12-02T04:11:19.799Z,account=AUTO
ORDER,AMZN,ORD00046,SELL,30,157,,2025-12-02T04:11:22.179Z,account=AUTO
TRADE,AMZN,ORD00042,BUY,20,177,ORD00046,2025-12-02T04:11:22.179Z,
ORDER,AAPL,ORD00047,SELL,10,138,,2025-12-02T04:11:25.176Z,account=AUTO
ORDER,TSLA,ORD00048,BUY,40,159,,2025-12-02T04:11:27.462Z,account=AUTO
TRADE,TSLA,ORD00048,BUY,40,153,ORD00041,2025-12-02T04:11:27.462Z,
ORDER,META,ORD00049,BUY,40,196,,2025-12-02T04:11:29.940Z,account=AUTO
TRADE,META,ORD00049,BUY,10,167,ORD00019,2025-12-02T04:11:29.940Z,
ORDER,NFLX,ORD00050,SELL,20,105,,2025-12-02T04:11:32.423Z,account=AUTO
ORDER,GOOGL,ORD00051,BUY,50,102,,2025-12-02T04:11:35.115Z,account=AUTO
ORDER,GOOGL,ORD00052,SELL,20,,,2025-12-02T04:11:37.415Z,account=AUTO
TRADE,GOOGL,ORD00051,BUY,20,102,ORD00052,2025-12-02T04:11:37.415Z,
ORDER,AMZN,ORD00053,BUY,50,101,,2025-12-02T04:11:40.009Z,account=AUTO
ORDER,GOOGL,ORD00054,SELL,30,192,,2025-12-02T04:11:42.337Z,account=AUTO
ORDER,TSLA,ORD00055,BUY,20,160,,2025-12-02T04:11:44.973Z,account=AUTO
ORDER,NFLX,ORD00056,SELL,10,135,,2025-12-02T04:11:47.225Z,account=AUTO
ORDER,GOOGL,ORD00057,SELL,50,162,,2025-12-02T04:11:50.180Z,account=AUTO
ORDER,AMZN,ORD00058,SELL,50,136,,2025-12-02T04:11:52.596Z,account=AUTO
ORDER,AMZN,ORD00059,SELL,20,100,,2025-12-02T04:11:55.289Z,account=AUTO
TRADE,AMZN,ORD00053,BUY,20,101,ORD00059,2025-12-02T04:11:55.290Z,
ORDER,MSFT,ORD00060,BUY,10,,,2025-12-02T04:11:57.598Z,account=AUTO
TRADE,MSFT,ORD00060,BUY,10,111,ORD00039,2025-12-02T04:11:57.598Z,
ORDER,TSLA,ORD00061,BUY,40,182,,2025-12-02T04:11:59.686Z,account=AUTO
ORDER,AMZN,ORD00062,SELL,40,,,2025-12-02T04:12:02.275Z,account=AUTO
TRADE,AMZN,ORD00053,BUY,30,101,ORD00062,2025-12-02T04:12:02.275Z,
ORDER,META,ORD00063,SELL,20,162,,2025-12-02T04:12:04.370Z,account=AUTO
TRADE,META,ORD00049,BUY,20,196,ORD00063,2025-12-02T04:12:04.370Z,
ORDER,AMZN,ORD00064,SELL,10,197,,2025-12-02T04:12:07.150Z,account=AUTO
ORDER,AMZN,ORD00065,BUY,30,104,,2025-12-02T04:12:09.560Z,account=AUTO
ORDER,GOOGL,ORD00066,BUY,30,,,2025-12-02T04:12:11.695Z,account=AUTO
TRADE,GOOGL,ORD00066,BUY,30,162,ORD00057,2025-12-02T04:12:11.695Z,
ORDER,NFLX,ORD00067,BUY,40,,,2025-12-02T04:12:14.099Z,account=AUTO
TRADE,NFLX,ORD00067,BUY,20,105,ORD00050,2025-12-02T04:12:14.099Z,
TRADE,NFLX,ORD00067,BUY,10,135,ORD00056,2025-12-02T04:12:14.100Z,
ORDER,AMZN,ORD00068,BUY,20,,,2025-12-02T04:12:17.051Z,account=AUTO
TRADE,AMZN,ORD00068,BUY,20,136,ORD00058,2025-12-02T04:12:17.051Z,
ORDER,AAPL,ORD00069,BUY,50,,,2025-12-02T04:12:19.617Z,account=AUTO
TRADE,AAPL,ORD00069,BUY,10,138,ORD00047,2025-12-02T04:12:19.617Z,
ORDER,MSFT,ORD00070,SELL,10,126,,2025-12-02T04:12:22.010Z,account=AUTO
ORDER,NFLX,ORD00071,SELL,20,103,,2025-12-02T04:12:24.783Z,account=AUTO
ORDER,NFLX,ORD00072,BUY,10,,,2025-12-02T04:12:27.148Z,account=AUTO
TRADE,NFLX,ORD00072,BUY,10,103,ORD00071,2025-12-02T04:12:27.148Z,
ORDER,NFLX,ORD00073,SELL,30,,,2025-12-02T04:12:29.696Z,account=AUTO
ORDER,AMZN,ORD00074,SELL,40,,,2025-12-02T04:12:32.461Z,account=AUTO
TRADE,AMZN,ORD00065,BUY,30,104,ORD00074,2025-12-02T04:12:32.461Z,
ORDER,MSFT,ORD00075,SELL,50,,,2025-12-02T04:12:34.553Z,account=AUTO
ORDER,GOOGL,ORD00076,BUY,50,109,,2025-12-02T04:12:37.367Z,account=AUTO
ORDER,TSLA,ORD00077,BUY,50,107,,2025-12-02T04:12:39.743Z,account=AUTO
ORDER,NFLX,ORD00078,SELL,40,,,2025-12-02T04:12:42.079Z,account=AUTO
ORDER,AMZN,ORD00079,SELL,30,,,2025-12-02T04:12:44.516Z,account=AUTO
ORDER,AAPL,ORD00080,BUY,20,,,2025-12-02T04:12:46.837Z,account=AUTO
ORDER,META,ORD00081,BUY,40,,,2025-12-02T04:12:49.803Z,account=AUTO
ORDER,TSLA,ORD00082,BUY,40,,,2025-12-02T04:12:52.651Z,account=AUTO
ORDER,AMZN,ORD00083,SELL,20,,,2025-12-02T04:12:55.544Z,account=AUTO
ORDER,TSLA,ORD00084,BUY,40,,,2025-12-02T04:12:58.127Z,account=AUTO
ORDER,MSFT,ORD00085,BUY,10,148,,2025-12-02T04:13:00.627Z,account=AUTO
TRADE,MSFT,ORD00085,BUY,10,111,ORD00039,2025-12-02T04:13:00.627Z,
ORDER,TSLA,ORD00086,BUY,50,122,,2025-12-02T04:13:02.901Z,account=AUTO
ORDER,MSFT,ORD00087,BUY,50,,,2025-12-02T04:13:05.751Z,account=AUTO
TRADE,MSFT,ORD00087,BUY,10,126,ORD00070,2025-12-02T04:13:05.751Z,
ORDER,MSFT,ORD00088,BUY,40,199,,2025-12-02T04:13:08.162Z,account=AUTO
ORDER,MSFT,ORD00089,BUY,40,102,,2025-12-02T04:13:11.109Z,account=AUTO
ORDER,TSLA,ORD00090,BUY,20,190,,2025-12-02T04:13:13.419Z,account=AUTO
ORDER,META,ORD00091,SELL,10,,,2025-12-02T04:13:15.867Z,account=AUTO
TRADE,META,ORD00049,BUY,10,196,ORD00091,2025-12-02T04:13:15.867Z,
ORDER,GOOGL,ORD00092,BUY,30,,,2025-12-02T04:13:18.402Z,account=AUTO
TRADE,GOOGL,ORD00092,BUY,20,162,ORD00057,2025-12-02T04:13:18.403Z,
TRADE,GOOGL,ORD00092,BUY,10,192,ORD00054,2025-12-02T04:13:18.403Z,
ORDER,MSFT,ORD00093,BUY,50,142,,2025-12-02T04:13:21.050Z,account=AUTO
ORDER,GOOGL,ORD00094,BUY,50,160,,2025-12-02T04:13:23.571Z,account=AUTO
ORDER,TSLA,ORD00095,BUY,10,,,2025-12-02T04:13:26.231Z,account=AUTO
ORDER,NFLX,ORD00096,SELL,30,,,2025-12-02T04:13:28.274Z,account=AUTO
ORDER,TSLA,ORD00097,SELL,40,,,2025-12-02T04:13:30.766Z,account=AUTO
TRADE,TSLA,ORD00090,BUY,20,190,ORD00097,2025-12-02T04:13:30.766Z,
TRADE,TSLA,ORD00061,BUY,20,182,ORD00097,2025-12-02T04:13:30.767Z,
ORDER,GOOGL,ORD00098,BUY,50,172,,2025-12-02T04:13:33.411Z,account=AUTO
ORDER,GOOGL,ORD00099,BUY,20,,,2025-12-02T04:13:36.138Z,account=AUTO
TRADE,GOOGL,ORD00099,BUY,20,192,ORD00054,2025-12-02T04:13:36.138Z,
ORDER,MSFT,ORD00100,SELL,20,,,2025-12-02T04:13:38.152Z,account=AUTO
TRADE,MSFT,ORD00088,BUY,20,199,ORD00100,2025-12-02T04:13:38.152Z,
ORDER,AMZN,ORD00101,BUY,50,,,2025-12-02T04:13:40.807Z,account=AUTO
TRADE,AMZN,ORD00101,BUY,30,136,ORD00058,2025-12-02T04:13:40.807Z,
TRADE,AMZN,ORD00101,BUY,10,157,ORD00046,2025-12-02T04:13:40.807Z,
TRADE,AMZN,ORD00101,BUY,10,197,ORD00064,2025-12-02T04:13:40.807Z,
ORDER,AAPL,ORD00102,BUY,10,111,,2025-12-02T04:13:42.910Z,account=AUTO
ORDER,MSFT,ORD00103,SELL,20,,,2025-12-02T04:13:44.971Z,account=AUTO
TRADE,MSFT,ORD00088,BUY,20,199,ORD00103,2025-12-02T04:13:44.971Z,
ORDER,AAPL,ORD00104,SELL,50,,,2025-12-02T04:13:47.694Z,account=AUTO
TRADE,AAPL,ORD00102,BUY,10,111,ORD00104,2025-12-02T04:13:47.695Z,
ORDER,MSFT,ORD00105,SELL,30,,,2025-12-02T04:13:50.049Z,account=AUTO
TRADE,MSFT,ORD00093,BUY,30,142,ORD00105,2025-12-02T04:13:50.049Z,
ORDER,TSLA,ORD00106,BUY,40,194,,2025-12-02T04:13:52.895Z,account=AUTO
ORDER,MSFT,ORD00107,SELL,30,,,2025-12-02T04:13:55.565Z,account=AUTO
TRADE,MSFT,ORD00093,BUY,20,142,ORD00107,2025-12-02T04:13:55.565Z,
TRADE,MSFT,ORD00089,BUY,10,102,ORD00107,2025-12-02T04:13:55.566Z,
ORDER,AMZN,ORD00108,BUY,10,187,,2025-12-02T04:13:57.876Z,account=AUTO
ORDER,MSFT,ORD00109,SELL,40,,,2025-12-02T04:14:00.172Z,account=AUTO
TRADE,MSFT,ORD00089,BUY,30,102,ORD00109,2025-12-02T04:14:00.172Z,
ORDER,MSFT,ORD00110,SELL,10,,,2025-12-02T04:14:02.921Z,account=AUTO
ORDER,MSFT,ORD00111,SELL,40,149,,2025-12-02T04:14:05.504Z,account=AUTO
ORDER,TSLA,ORD00112,SELL,50,,,2025-12-02T04:14:07.957Z,account=AUTO
TRADE,TSLA,ORD00106,BUY,40,194,ORD00112,2025-12-02T04:14:07.958Z,
TRADE,TSLA,ORD00061,BUY,10,182,ORD00112,2025-12-02T04:14:07.958Z,
ORDER,TSLA,ORD00113,BUY,30,,,2025-12-02T04:14:10.604Z,account=AUTO
ORDER,MSFT,ORD00114,BUY,30,,,2025-12-02T04:14:13.017Z,account=AUTO
TRADE,MSFT,ORD00114,BUY,30,149,ORD00111,2025-12-02T04:14:13.018Z,
ORDER,AMZN,ORD00115,BUY,50,155,,2025-12-02T04:14:15.092Z,account=AUTO
ORDER,AMZN,ORD00116,SELL,10,118,,2025-12-02T04:14:17.292Z,account=AUTO
TRADE,AMZN,ORD00108,BUY,10,187,ORD00116,2025-12-02T04:14:17.293Z,
ORDER,MSFT,ORD00117,BUY,10,,,2025-12-02T04:14:19.799Z,account=AUTO
TRADE,MSFT,ORD00117,BUY,10,149,ORD00111,2025-12-02T04:14:19.799Z,
ORDER,TSLA,ORD00118,SELL,20,,,2025-12-02T04:14:22.164Z,account=AUTO
TRADE,TSLA,ORD00061,BUY,10,182,ORD00118,2025-12-02T04:14:22.164Z,
TRADE,TSLA,ORD00055,BUY,10,160,ORD00118,2025-12-02T04:14:22.164Z,
ORDER,TSLA,ORD00119,BUY,20,108,,2025-12-02T04:14:24.911Z,account=AUTO
ORDER,META,ORD00120,SELL,10,,,2025-12-02T04:14:27.554Z,account=AUTO
ORDER,NFLX,ORD00121,BUY,20,,,2025-12-02T04:14:29.727Z,account=AUTO
TRADE,NFLX,ORD00121,BUY,10,103,ORD00071,2025-12-02T04:14:29.727Z,
ORDER,GOOGL,ORD00122,BUY,20,182,,2025-12-02T04:14:32.521Z,account=AUTO
ORDER,MSFT,ORD00123,SELL,10,119,,2025-12-02T04:14:35.026Z,account=AUTO
ORDER,MSFT,ORD00124,BUY,30,156,,2025-12-02T04:14:38.009Z,account=AUTO
TRADE,MSFT,ORD00124,BUY,10,119,ORD00123,2025-12-02T04:14:38.010Z,
ORDER,AMZN,ORD00125,BUY,20,117,,2025-12-02T04:14:40.547Z,account=AUTO
ORDER,MSFT,ORD00126,BUY,10,,,2025-12-02T04:14:43.348Z,account=AUTO
ORDER,META,ORD00127,SELL,40,,,2025-12-02T04:14:46.006Z,account=AUTO
ORDER,META,ORD00128,SELL,10,,,2025-12-02T04:14:48.011Z,account=AUTO
ORDER,TSLA,ORD00129,SELL,30,,,2025-12-02T04:14:50.071Z,account=AUTO
TRADE,TSLA,ORD00055,BUY,10,160,ORD00129,2025-12-02T04:14:50.071Z,
TRADE,TSLA,ORD00086,BUY,20,122,ORD00129,2025-12-02T04:14:50.071Z,
ORDER,META,ORD00130,BUY,10,,,2025-12-02T04:14:53.023Z,account=AUTO
ORDER,GOOGL,ORD00131,SELL,40,,,2025-12-02T04:14:56Z,account=AUTO
TRADE,GOOGL,ORD00122,BUY,20,182,ORD00131,2025-12-02T04:14:56Z,
TRADE,GOOGL,ORD00098,BUY,20,172,ORD00131,2025-12-02T04:14:56.001Z,
ORDER,AMZN,ORD00132,SELL,10,134,,2025-12-02T04:14:58.122Z,account=AUTO
TRADE,AMZN,ORD00115,BUY,10,155,ORD00132,2025-12-02T04:14:58.123Z,
ORDER,AAPL,ORD00133,SELL,10,,,2025-12-02T04:15:00.813Z,account=AUTO
ORDER,META,ORD00134,BUY,40,,,2025-12-02T04:15:03.254Z,account=AUTO
ORDER,NFLX,ORD00135,BUY,10,102,,2025-12-02T04:15:05.397Z,account=AUTO
ORDER,AMZN,ORD00136,BUY,30,,,2025-12-02T04:15:07.513Z,account=AUTO
ORDER,META,ORD00137,BUY,50,135,,2025-12-02T04:15:10.240Z,account=AUTO
ORDER,AMZN,ORD00138,BUY,10,,,2025-12-02T04:15:12.487Z,account=AUTO
ORDER,MSFT,ORD00139,BUY,50,176,,2025-12-02T04:15:15.093Z,account=AUTO
ORDER,META,ORD00140,SELL,30,104,,2025-12-02T04:15:17.489Z,account=AUTO
TRADE,META,ORD00137,BUY,30,135,ORD00140,2025-12-02T04:15:17.490Z,
ORDER,NFLX,ORD00141,SELL,50,,,2025-12-02T04:15:19.662Z,account=AUTO
TRADE,NFLX,ORD00135,BUY,10,102,ORD00141,2025-12-02T04:15:19.662Z,
ORDER,TSLA,ORD00001,BUY,23,219,,2025-12-02T04:16:56.249Z,account=AUTO
ORDER,META,ORD00002,SELL,99,123,,2025-12-02T04:16:58.755Z,account=AUTO
ORDER,AMZN,ORD00003,SELL,76,220,,2025-12-02T04:17:01.256Z,account=AUTO
ORDER,GOOG,ORD00004,SELL,96,215,,2025-12-02T04:17:03.757Z,account=AUTO
ORDER,NFLX,ORD00005,BUY,46,251,,2025-12-02T04:17:06.258Z,account=AUTO
ORDER,TSLA,ORD00006,SELL,19,183,,2025-12-02T04:17:08.758Z,account=AUTO
TRADE,TSLA,ORD00001,BUY,19,219,ORD00006,2025-12-02T04:17:08.760Z,
ORDER,TSLA,ORD00007,BUY,90,153,,2025-12-02T04:17:11.259Z,account=AUTO
ORDER,GOOG,ORD00008,BUY,85,289,,2025-12-02T04:17:13.760Z,account=AUTO
TRADE,GOOG,ORD00008,BUY,85,215,ORD00004,2025-12-02T04:17:13.760Z,
ORDER,TSLA,ORD00009,BUY,91,295,,2025-12-02T04:17:16.261Z,account=AUTO
ORDER,NFLX,ORD00010,BUY,71,124,,2025-12-02T04:17:18.761Z,account=AUTO
ORDER,GOOG,ORD00011,SELL,25,172,,2025-12-02T04:17:21.262Z,account=AUTO
ORDER,AAPL,ORD00012,SELL,41,152,,2025-12-02T04:17:23.763Z,account=AUTO
ORDER,NFLX,ORD00013,SELL,88,298,,2025-12-02T04:17:26.264Z,account=AUTO
ORDER,AMZN,ORD00014,SELL,83,169,,2025-12-02T04:17:28.765Z,account=AUTO
ORDER,TSLA,MAN1764649108965,BUY,30,190,,2025-12-02T04:18:28.968Z,account=USER
ORDER,META,ORD00001,BUY,32,252,,2025-12-02T04:21:23.596Z,account=AUTO
ORDER,TSLA,ORD00002,BUY,34,175,,2025-12-02T04:21:26.108Z,account=AUTO
ORDER,META,ORD00003,BUY,91,292,,2025-12-02T04:21:28.609Z,account=AUTO
ORDER,GOOG,ORD00004,SELL,35,162,,2025-12-02T04:21:31.110Z,account=AUTO
ORDER,META,ORD00005,SELL,51,225,,2025-12-02T04:21:33.611Z,account=AUTO
TRADE,META,ORD00003,BUY,51,292,ORD00005,2025-12-02T04:21:33.613Z,
ORDER,NFLX,ORD00006,BUY,36,167,,2025-12-02T04:21:36.112Z,account=AUTO
ORDER,META,ORD00007,SELL,33,223,,2025-12-02T04:21:38.613Z,account=AUTO
TRADE,META,ORD00003,BUY,33,292,ORD00007,2025-12-02T04:21:38.613Z,
ORDER,MSFT,ORD00008,BUY,30,244,,2025-12-02T04:21:41.113Z,account=AUTO
ORDER,META,ORD00009,SELL,75,180,,2025-12-02T04:21:43.614Z,account=AUTO
TRADE,META,ORD00003,BUY,7,292,ORD00009,2025-12-02T04:21:43.615Z,
TRADE,META,ORD00001,BUY,32,252,ORD00009,2025-12-02T04:21:43.616Z,
ORDER,AMZN,ORD00010,SELL,64,151,,2025-12-02T04:21:46.115Z,account=AUTO
ORDER,MSFT,ORD00011,SELL,19,231,,2025-12-02T04:21:48.616Z,account=AUTO
TRADE,MSFT,ORD00008,BUY,19,244,ORD00011,2025-12-02T04:21:48.616Z,
ORDER,MSFT,ORD00012,BUY,41,113,,2025-12-02T04:21:51.117Z,account=AUTO
ORDER,GOOG,ORD00013,SELL,23,225,,2025-12-02T04:21:53.617Z,account=AUTO
ORDER,AMZN,ORD00014,BUY,61,188,,2025-12-02T04:21:56.118Z,account=AUTO
TRADE,AMZN,ORD00014,BUY,61,151,ORD00010,2025-12-02T04:21:56.119Z,
ORDER,AAPL,ORD00015,SELL,54,287,,2025-12-02T04:21:58.619Z,account=AUTO
ORDER,MSFT,ORD00016,SELL,66,157,,2025-12-02T04:22:01.119Z,account=AUTO
TRADE,MSFT,ORD00008,BUY,11,244,ORD00016,2025-12-02T04:22:01.120Z,
ORDER,GOOG,ORD00017,BUY,77,221,,2025-12-02T04:22:03.620Z,account=AUTO
TRADE,GOOG,ORD00017,BUY,35,162,ORD00004,2025-12-02T04:22:03.621Z,
ORDER,GOOG,ORD00018,BUY,13,130,,2025-12-02T04:22:06.121Z,account=AUTO
ORDER,AMZN,ORD00019,BUY,14,219,,2025-12-02T04:22:08.622Z,account=AUTO
TRADE,AMZN,ORD00019,BUY,3,151,ORD00010,2025-12-02T04:22:08.622Z,
ORDER,META,ORD00020,BUY,39,267,,2025-12-02T04:22:11.122Z,account=AUTO
TRADE,META,ORD00020,BUY,36,180,ORD00009,2025-12-02T04:22:11.123Z,
ORDER,META,ORD00021,SELL,31,164,,2025-12-02T04:22:13.623Z,account=AUTO
TRADE,META,ORD00020,BUY,3,267,ORD00021,2025-12-02T04:22:13.624Z,
ORDER,NFLX,ORD00022,BUY,78,244,,2025-12-02T04:22:16.124Z,account=AUTO
ORDER,AMZN,ORD00023,SELL,23,114,,2025-12-02T04:22:18.625Z,account=AUTO
TRADE,AMZN,ORD00019,BUY,11,219,ORD00023,2025-12-02T04:22:18.625Z,
ORDER,AAPL,ORD00024,SELL,22,169,,2025-12-02T04:22:21.125Z,account=AUTO
ORDER,AAPL,ORD00025,SELL,50,291,,2025-12-02T04:22:23.626Z,account=AUTO
ORDER,META,ORD00026,BUY,76,177,,2025-12-02T04:22:26.127Z,account=AUTO
TRADE,META,ORD00026,BUY,28,164,ORD00021,2025-12-02T04:22:26.127Z,
ORDER,TSLA,ORD00027,BUY,19,110,,2025-12-02T04:22:28.627Z,account=AUTO
ORDER,AMZN,ORD00028,BUY,34,204,,2025-12-02T04:22:31.128Z,account=AUTO
TRADE,AMZN,ORD00028,BUY,12,114,ORD00023,2025-12-02T04:22:31.129Z,
ORDER,NFLX,ORD00029,BUY,15,262,,2025-12-02T04:22:33.629Z,account=AUTO
ORDER,TSLA,ORD00030,BUY,41,244,,2025-12-02T04:22:36.129Z,account=AUTO
ORDER,AMZN,ORD00031,BUY,63,261,,2025-12-02T04:22:38.630Z,account=AUTO
ORDER,AAPL,ORD00001,SELL,88,236,,2025-12-02T04:34:42.207Z,account=AUTO
ORDER,NFLX,ORD00002,BUY,34,289,,2025-12-02T04:34:44.712Z,account=AUTO
ORDER,GOOG,ORD00003,SELL,15,190,,2025-12-02T04:34:47.213Z,account=AUTO
ORDER,META,ORD00004,SELL,34,174,,2025-12-02T04:34:49.714Z,account=AUTO
ORDER,TSLA,ORD00005,SELL,35,249,,2025-12-02T04:34:52.215Z,account=AUTO
ORDER,NFLX,ORD00006,BUY,54,290,,2025-12-02T04:34:54.716Z,account=AUTO
ORDER,AAPL,ORD00007,SELL,42,210,,2025-12-02T04:34:57.217Z,account=AUTO
ORDER,META,ORD00008,SELL,27,155,,2025-12-02T04:34:59.718Z,account=AUTO
ORDER,MSFT,ORD00009,BUY,94,137,,2025-12-02T04:35:02.219Z,account=AUTO
ORDER,TSLA,ORD00010,BUY,37,290,,2025-12-02T04:35:04.720Z,account=AUTO
TRADE,TSLA,ORD00010,BUY,35,249,ORD00005,2025-12-02T04:35:04.721Z,
ORDER,MSFT,RND1764651130383,BUY,38,153.98,,2025-12-02T04:52:10.390Z,account=RANDOM
ORDER,GOOG,RND1764651133284,SELL,49,105.66,,2025-12-02T04:52:13.284Z,account=RANDOM
ORDER,TSLA,RND1764651136775,SELL,63,84.13,,2025-12-02T04:52:16.775Z,account=RANDOM
ORDER,AAPL,RND1764651140198,SELL,18,140.44,,2025-12-02T04:52:20.198Z,account=RANDOM
ORDER,AMZN,RND1764651143468,SELL,85,181.43,,2025-12-02T04:52:23.468Z,account=RANDOM
ORDER,TSLA,RND1764651146235,BUY,26,171.42,,2025-12-02T04:52:26.235Z,account=RANDOM
TRADE,TSLA,RND1764651146235,BUY,26,84.13,RND1764651136775,2025-12-02T04:52:26.244Z,
ORDER,GOOG,RND1764651148378,SELL,28,238.50,,2025-12-02T04:52:28.378Z,account=RANDOM
ORDER,GOOG,RND1764651152328,SELL,72,115.83,,2025-12-02T04:52:32.328Z,account=RANDOM
ORDER,AMZN,RND1764651324357,SELL,50,137.00,,2025-12-02T04:55:24.369Z,account=AUTO
ORDER,GOOG,RND1764651326916,SELL,30,53.00,,2025-12-02T04:55:26.916Z,account=AUTO
ORDER,NFLX,RND1764651329361,SELL,50,184.00,,2025-12-02T04:55:29.361Z,account=AUTO
ORDER,NFLX,RND1764651331506,SELL,70,281.00,,2025-12-02T04:55:31.506Z,account=AUTO
ORDER,META,RND1764651334178,SELL,70,132.00,,2025-12-02T04:55:34.178Z,account=AUTO
ORDER,META,RND1764651336474,SELL,90,128.00,,2025-12-02T04:55:36.474Z,account=AUTO
ORDER,NFLX,RND1764651339171,BUY,40,233.00,,2025-12-02T04:55:39.171Z,account=AUTO
TRADE,NFLX,RND1764651339171,BUY,40,184.00,RND1764651329361,2025-12-02T04:55:39.181Z,
ORDER,AAPL,RND1764651341898,BUY,100,185.00,,2025-12-02T04:55:41.898Z,account=AUTO
ORDER,GOOG,RND1764651344777,SELL,20,207.00,,2025-12-02T04:55:44.777Z,account=AUTO
ORDER,AAPL,RND1764651347430,SELL,10,172.00,,2025-12-02T04:55:47.430Z,account=AUTO
TRADE,AAPL,RND1764651341898,BUY,10,185.00,RND1764651347430,2025-12-02T04:55:47.431Z,
ORDER,GOOG,RND1764651350113,BUY,10,83.00,,2025-12-02T04:55:50.113Z,account=AUTO
TRADE,GOOG,RND1764651350113,BUY,10,53.00,RND1764651326916,2025-12-02T04:55:50.114Z,
ORDER,MSFT,RND1764651352189,SELL,10,77.00,,2025-12-02T04:55:52.189Z,account=AUTO
ORDER,GOOG,RND1764651354468,SELL,40,203.00,,2025-12-02T04:55:54.468Z,account=AUTO
ORDER,META,RND1764651356952,SELL,10,76.00,,2025-12-02T04:55:56.952Z,account=AUTO
ORDER,AMZN,RND1764651359081,SELL,60,110.00,,2025-12-02T04:55:59.081Z,account=AUTO
ORDER,GOOG,RND1764651361153,BUY,40,176.00,,2025-12-02T04:56:01.153Z,account=AUTO
TRADE,GOOG,RND1764651361153,BUY,20,53.00,RND1764651326916,2025-12-02T04:56:01.153Z,
ORDER,META,RND1764651364089,BUY,90,245.00,,2025-12-02T04:56:04.089Z,account=AUTO
TRADE,META,RND1764651364089,BUY,10,76.00,RND1764651356952,2025-12-02T04:56:04.090Z,
TRADE,META,RND1764651364089,BUY,80,128.00,RND1764651336474,2025-12-02T04:56:04.090Z,
ORDER,GOOG,RND1764651366619,BUY,20,231.00,,2025-12-02T04:56:06.619Z,account=AUTO
TRADE,GOOG,RND1764651366619,BUY,20,203.00,RND1764651354468,2025-12-02T04:56:06.621Z,
ORDER,AAPL,RND1764651369036,SELL,40,96.00,,2025-12-02T04:56:09.036Z,account=AUTO
TRADE,AAPL,RND1764651341898,BUY,40,185.00,RND1764651369036,2025-12-02T04:56:09.036Z,
ORDER,TSLA,RND1764651371298,BUY,80,107.00,,2025-12-02T04:56:11.298Z,account=AUTO
ORDER,META,RND1764651373551,SELL,30,75.00,,2025-12-02T04:56:13.551Z,account=AUTO
ORDER,MSFT,RND1764651375582,SELL,70,284.00,,2025-12-02T04:56:15.582Z,account=AUTO
ORDER,NFLX,RND1764651378242,SELL,80,293.00,,2025-12-02T04:56:18.242Z,account=AUTO
ORDER,AAPL,RND1764651380751,BUY,70,201.00,,2025-12-02T04:56:20.751Z,account=AUTO
ORDER,GOOG,RND1764651382783,BUY,60,107.00,,2025-12-02T04:56:22.783Z,account=AUTO
ORDER,META,RND1764651385687,BUY,50,203.00,,2025-12-02T04:56:25.687Z,account=AUTO
TRADE,META,RND1764651385687,BUY,30,75.00,RND1764651373551,2025-12-02T04:56:25.687Z,
TRADE,META,RND1764651385687,BUY,10,128.00,RND1764651336474,2025-12-02T04:56:25.688Z,
TRADE,META,RND1764651385687,BUY,10,132.00,RND1764651334178,2025-12-02T04:56:25.688Z,
ORDER,META,RND1764651388553,BUY,70,291.00,,2025-12-02T04:56:28.553Z,account=AUTO
TRADE,META,RND1764651388553,BUY,60,132.00,RND1764651334178,2025-12-02T04:56:28.553Z,
ORDER,AMZN,RND1764651390756,SELL,30,265.00,,2025-12-02T04:56:30.756Z,account=AUTO
ORDER,NFLX,RND1764651393192,BUY,80,94.00,,2025-12-02T04:56:33.192Z,account=AUTO
ORDER,META,RND1764651396192,BUY,10,270.00,,2025-12-02T04:56:36.192Z,account=AUTO
ORDER,NFLX,RND1764651398788,BUY,50,244.00,,2025-12-02T04:56:38.788Z,account=AUTO
TRADE,NFLX,RND1764651398788,BUY,10,184.00,RND1764651329361,2025-12-02T04:56:38.788Z,
ORDER,MSFT,RND1764651400920,SELL,80,176.00,,2025-12-02T04:56:40.920Z,account=AUTO
ORDER,TSLA,RND1764651403774,SELL,100,250.00,,2025-12-02T04:56:43.774Z,account=AUTO
ORDER,AMZN,RND1764651406131,BUY,60,160.00,,2025-12-02T04:56:46.131Z,account=AUTO
TRADE,AMZN,RND1764651406131,BUY,60,110.00,RND1764651359081,2025-12-02T04:56:46.132Z,
ORDER,TSLA,RND1764651408757,SELL,70,299.00,,2025-12-02T04:56:48.757Z,account=AUTO
ORDER,AAPL,RND1764651410967,SELL,90,299.00,,2025-12-02T04:56:50.967Z,account=AUTO
ORDER,GOOG,RND1764651413951,BUY,30,59.00,,2025-12-02T04:56:53.951Z,account=AUTO
ORDER,NFLX,RND1764651416766,BUY,10,237.00,,2025-12-02T04:56:56.766Z,account=AUTO
ORDER,GOOG,RND1764651557494,BUY,20,130.00,,2025-12-02T04:59:17.496Z,account=AUTO
ORDER,GOOG,RND1764651559986,SELL,10,184.00,,2025-12-02T04:59:19.986Z,account=AUTO
ORDER,NFLX,RND1764651562884,SELL,90,194.00,,2025-12-02T04:59:22.884Z,account=AUTO
ORDER,META,RND1764651565235,SELL,70,137.00,,2025-12-02T04:59:25.235Z,account=AUTO
ORDER,META,RND1764651567455,SELL,70,140.00,,2025-12-02T04:59:27.455Z,account=AUTO
ORDER,META,RND1764651569581,BUY,40,137.00,,2025-12-02T04:59:29.581Z,account=AUTO
TRADE,META,RND1764651569581,BUY,40,137.00,RND1764651565235,2025-12-02T04:59:29.582Z,
ORDER,META,RND1764651572239,SELL,30,103.00,,2025-12-02T04:59:32.239Z,account=AUTO
ORDER,GOOG,RND1764651575115,BUY,70,273.00,,2025-12-02T04:59:35.115Z,account=AUTO
TRADE,GOOG,RND1764651575115,BUY,10,184.00,RND1764651559986,2025-12-02T04:59:35.115Z,
ORDER,AAPL,RND1764651577812,BUY,90,100.00,,2025-12-02T04:59:37.812Z,account=AUTO
ORDER,NFLX,RND1764651579892,BUY,20,85.00,,2025-12-02T04:59:39.892Z,account=AUTO
ORDER,AAPL,RND1764651582451,BUY,60,124.00,,2025-12-02T04:59:42.451Z,account=AUTO
ORDER,TSLA,RND1764651584766,SELL,50,60.00,,2025-12-02T04:59:44.766Z,account=AUTO
ORDER,AMZN,RND1764651586936,BUY,10,151.00,,2025-12-02T04:59:46.936Z,account=AUTO
ORDER,META,RND1764651589312,SELL,80,261.00,,2025-12-02T04:59:49.312Z,account=AUTO
ORDER,GOOG,RND1764651592103,BUY,60,267.00,,2025-12-02T04:59:52.103Z,account=AUTO
ORDER,META,RND1764651594477,BUY,90,150.00,,2025-12-02T04:59:54.477Z,account=AUTO
TRADE,META,RND1764651594477,BUY,30,103.00,RND1764651572239,2025-12-02T04:59:54.477Z,
TRADE,META,RND1764651594477,BUY,30,137.00,RND1764651565235,2025-12-02T04:59:54.477Z,
TRADE,META,RND1764651594477,BUY,30,140.00,RND1764651567455,2025-12-02T04:59:54.478Z,
ORDER,GOOG,RND1764651597196,BUY,90,261.00,,2025-12-02T04:59:57.196Z,account=AUTO
ORDER,TSLA,RND1764651599312,SELL,20,195.00,,2025-12-02T04:59:59.312Z,account=AUTO
ORDER,GOOG,RND1764651601594,BUY,10,258.00,,2025-12-02T05:00:01.594Z,account=AUTO
ORDER,GOOG,RND1764651604087,SELL,10,52.00,,2025-12-02T05:00:04.087Z,account=AUTO
TRADE,GOOG,RND1764651575115,BUY,10,273.00,RND1764651604087,2025-12-02T05:00:04.088Z,
ORDER,MSFT,RND1764651606505,SELL,90,257.00,,2025-12-02T05:00:06.505Z,account=AUTO
ORDER,AMZN,RND1764651608580,BUY,40,178.00,,2025-12-02T05:00:08.580Z,account=AUTO
ORDER,NFLX,RND1764651611080,BUY,20,83.00,,2025-12-02T05:00:11.080Z,account=AUTO
ORDER,META,RND1764651613806,BUY,20,116.00,,2025-12-02T05:00:13.806Z,account=AUTO
ORDER,TSLA,RND1764651616366,BUY,10,168.00,,2025-12-02T05:00:16.366Z,account=AUTO
TRADE,TSLA,RND1764651616366,BUY,10,60.00,RND1764651584766,2025-12-02T05:00:16.367Z,
ORDER,MSFT,RND1764651618629,BUY,70,91.00,,2025-12-02T05:00:18.629Z,account=AUTO
ORDER,AAPL,RND1764651621477,BUY,90,158.00,,2025-12-02T05:00:21.477Z,account=AUTO
ORDER,GOOG,RND1764651623585,SELL,10,175.00,,2025-12-02T05:00:23.585Z,account=AUTO
TRADE,GOOG,RND1764651575115,BUY,10,273.00,RND1764651623585,2025-12-02T05:00:23.586Z,
ORDER,TSLA,RND1764651625785,BUY,70,113.00,,2025-12-02T05:00:25.785Z,account=AUTO
TRADE,TSLA,RND1764651625785,BUY,40,60.00,RND1764651584766,2025-12-02T05:00:25.785Z,
ORDER,META,RND1764651628069,BUY,10,230.00,,2025-12-02T05:00:28.069Z,account=AUTO
TRADE,META,RND1764651628069,BUY,10,140.00,RND1764651567455,2025-12-02T05:00:28.069Z,
ORDER,META,RND1764651630627,SELL,30,59.00,,2025-12-02T05:00:30.627Z,account=AUTO
TRADE,META,RND1764651613806,BUY,20,116.00,RND1764651630627,2025-12-02T05:00:30.627Z,
ORDER,GOOG,RND1764651633102,BUY,60,111.00,,2025-12-02T05:00:33.102Z,account=AUTO
ORDER,GOOG,RND1764651635772,SELL,100,58.00,,2025-12-02T05:00:35.772Z,account=AUTO
TRADE,GOOG,RND1764651575115,BUY,40,273.00,RND1764651635772,2025-12-02T05:00:35.773Z,
TRADE,GOOG,RND1764651592103,BUY,60,267.00,RND1764651635772,2025-12-02T05:00:35.773Z,
ORDER,TSLA,RND1764651638346,BUY,60,249.00,,2025-12-02T05:00:38.346Z,account=AUTO
TRADE,TSLA,RND1764651638346,BUY,20,195.00,RND1764651599312,2025-12-02T05:00:38.346Z,
ORDER,MSFT,RND1764651641265,SELL,80,267.00,,2025-12-02T05:00:41.265Z,account=AUTO
ORDER,AMZN,RND1764651644086,SELL,20,174.00,,2025-12-02T05:00:44.086Z,account=AUTO
TRADE,AMZN,RND1764651608580,BUY,20,178.00,RND1764651644086,2025-12-02T05:00:44.087Z,
ORDER,META,RND1764651646154,BUY,20,63.00,,2025-12-02T05:00:46.154Z,account=AUTO
TRADE,META,RND1764651646154,BUY,10,59.00,RND1764651630627,2025-12-02T05:00:46.154Z,
ORDER,GOOG,RND1764651648266,SELL,70,59.00,,2025-12-02T05:00:48.266Z,account=AUTO
TRADE,GOOG,RND1764651597196,BUY,70,261.00,RND1764651648266,2025-12-02T05:00:48.266Z,
ORDER,NFLX,RND1764651650599,SELL,90,217.00,,2025-12-02T05:00:50.599Z,account=AUTO
ORDER,GOOG,RND1764651653061,SELL,60,284.00,,2025-12-02T05:00:53.061Z,account=AUTO
ORDER,MSFT,RND1764651656035,SELL,100,195.00,,2025-12-02T05:00:56.035Z,account=AUTO
ORDER,GOOG,RND1764651658506,SELL,60,182.00,,2025-12-02T05:00:58.506Z,account=AUTO
TRADE,GOOG,RND1764651597196,BUY,20,261.00,RND1764651658506,2025-12-02T05:00:58.506Z,
TRADE,GOOG,RND1764651601594,BUY,10,258.00,RND1764651658506,2025-12-02T05:00:58.506Z,
ORDER,AMZN,RND1764651660668,SELL,90,89.00,,2025-12-02T05:01:00.668Z,account=AUTO
TRADE,AMZN,RND1764651608580,BUY,20,178.00,RND1764651660668,2025-12-02T05:01:00.668Z,
TRADE,AMZN,RND1764651586936,BUY,10,151.00,RND1764651660668,2025-12-02T05:01:00.668Z,
ORDER,AAPL,RND1764651663150,SELL,10,195.00,,2025-12-02T05:01:03.150Z,account=AUTO
ORDER,GOOG,RND1764651665447,BUY,80,248.00,,2025-12-02T05:01:05.447Z,account=AUTO
TRADE,GOOG,RND1764651665447,BUY,30,182.00,RND1764651658506,2025-12-02T05:01:05.447Z,
ORDER,NFLX,RND1764651668228,SELL,90,163.00,,2025-12-02T05:01:08.228Z,account=AUTO
ORDER,NFLX,RND1764651670967,SELL,90,225.00,,2025-12-02T05:01:10.967Z,account=AUTO
ORDER,GOOG,RND1764651673430,BUY,50,73.00,,2025-12-02T05:01:13.430Z,account=AUTO
ORDER,NFLX,RND1764651675444,BUY,30,144.00,,2025-12-02T05:01:15.444Z,account=AUTO
ORDER,AAPL,RND1764651678318,SELL,40,220.00,,2025-12-02T05:01:18.318Z,account=AUTO
ORDER,NFLX,RND1764651681026,BUY,60,199.00,,2025-12-02T05:01:21.026Z,account=AUTO
TRADE,NFLX,RND1764651681026,BUY,60,163.00,RND1764651668228,2025-12-02T05:01:21.026Z,
ORDER,TSLA,RND1764651683399,BUY,70,63.00,,2025-12-02T05:01:23.399Z,account=AUTO
ORDER,AMZN,RND1764651685654,SELL,80,261.00,,2025-12-02T05:01:25.654Z,account=AUTO
ORDER,NFLX,RND1764651687757,SELL,10,178.00,,2025-12-02T05:01:27.757Z,account=AUTO
ORDER,MSFT,RND1764651690170,BUY,100,290.00,,2025-12-02T05:01:30.170Z,account=AUTO
TRADE,MSFT,RND1764651690170,BUY,100,195.00,RND1764651656035,2025-12-02T05:01:30.170Z,
ORDER,GOOG,RND1764651692179,SELL,100,159.00,,2025-12-02T05:01:32.179Z,account=AUTO
TRADE,GOOG,RND1764651665447,BUY,50,248.00,RND1764651692179,2025-12-02T05:01:32.180Z,
ORDER,TSLA,RND1764651694508,BUY,70,223.00,,2025-12-02T05:01:34.508Z,account=AUTO
ORDER,NFLX,RND1764651697438,SELL,60,195.00,,2025-12-02T05:01:37.438Z,account=AUTO
ORDER,TSLA,RND1764651700037,SELL,40,96.00,,2025-12-02T05:01:40.037Z,account=AUTO
TRADE,TSLA,RND1764651638346,BUY,40,249.00,RND1764651700037,2025-12-02T05:01:40.038Z,
ORDER,AAPL,RND1764651702681,SELL,30,70.00,,2025-12-02T05:01:42.681Z,account=AUTO
TRADE,AAPL,RND1764651621477,BUY,30,158.00,RND1764651702681,2025-12-02T05:01:42.681Z,
ORDER,MSFT,RND1764651704929,SELL,80,105.00,,2025-12-02T05:01:44.929Z,account=AUTO
ORDER,AAPL,RND1764651707886,SELL,100,122.00,,2025-12-02T05:01:47.886Z,account=AUTO
TRADE,AAPL,RND1764651621477,BUY,60,158.00,RND1764651707886,2025-12-02T05:01:47.887Z,
TRADE,AAPL,RND1764651582451,BUY,40,124.00,RND1764651707886,2025-12-02T05:01:47.887Z,
ORDER,AMZN,RND1764651710871,BUY,20,169.00,,2025-12-02T05:01:50.871Z,account=AUTO
TRADE,AMZN,RND1764651710871,BUY,20,89.00,RND1764651660668,2025-12-02T05:01:50.871Z,
ORDER,AMZN,RND1764651713252,SELL,10,279.00,,2025-12-02T05:01:53.252Z,account=AUTO
ORDER,AMZN,RND1764651715962,SELL,80,192.00,,2025-12-02T05:01:55.962Z,account=AUTO
ORDER,MSFT,RND1764651718413,SELL,100,279.00,,2025-12-02T05:01:58.413Z,account=AUTO
ORDER,NFLX,RND1764651721275,SELL,60,277.00,,2025-12-02T05:02:01.275Z,account=AUTO
ORDER,TSLA,RND1764651723398,SELL,10,120.00,,2025-12-02T05:02:03.398Z,account=AUTO
TRADE,TSLA,RND1764651694508,BUY,10,223.00,RND1764651723398,2025-12-02T05:02:03.399Z,
ORDER,GOOG,RND1764651725520,SELL,20,91.00,,2025-12-02T05:02:05.520Z,account=AUTO
TRADE,GOOG,RND1764651557494,BUY,20,130.00,RND1764651725520,2025-12-02T05:02:05.520Z,
ORDER,MSFT,RND1764651727552,BUY,40,147.00,,2025-12-02T05:02:07.552Z,account=AUTO
TRADE,MSFT,RND1764651727552,BUY,40,105.00,RND1764651704929,2025-12-02T05:02:07.552Z,
ORDER,AMZN,RND1764651729742,BUY,40,147.00,,2025-12-02T05:02:09.742Z,account=AUTO
TRADE,AMZN,RND1764651729742,BUY,40,89.00,RND1764651660668,2025-12-02T05:02:09.743Z,
ORDER,AAPL,RND1764651732686,BUY,60,80.00,,2025-12-02T05:02:12.686Z,account=AUTO
ORDER,AMZN,RND1764651735313,SELL,10,275.00,,2025-12-02T05:02:15.313Z,account=AUTO
ORDER,AMZN,RND1764651737388,BUY,60,117.00,,2025-12-02T05:02:17.388Z,account=AUTO
ORDER,TSLA,RND1764651739564,SELL,100,96.00,,2025-12-02T05:02:19.564Z,account=AUTO
TRADE,TSLA,RND1764651694508,BUY,60,223.00,RND1764651739564,2025-12-02T05:02:19.565Z,
TRADE,TSLA,RND1764651625785,BUY,30,113.00,RND1764651739564,2025-12-02T05:02:19.565Z,
ORDER,MSFT,RND1764651742354,BUY,90,178.00,,2025-12-02T05:02:22.354Z,account=AUTO
TRADE,MSFT,RND1764651742354,BUY,40,105.00,RND1764651704929,2025-12-02T05:02:22.354Z,
ORDER,GOOG,RND1764651745215,BUY,10,72.00,,2025-12-02T05:02:25.215Z,account=AUTO
ORDER,META,RND1764651747326,BUY,20,197.00,,2025-12-02T05:02:27.326Z,account=AUTO
TRADE,META,RND1764651747326,BUY,20,140.00,RND1764651567455,2025-12-02T05:02:27.327Z,
ORDER,AMZN,RND1764651749828,BUY,100,68.00,,2025-12-02T05:02:29.828Z,account=AUTO
ORDER,MSFT,RND1764651752145,BUY,100,166.00,,2025-12-02T05:02:32.145Z,account=AUTO
ORDER,GOOG,RND1764651754670,SELL,90,188.00,,2025-12-02T05:02:34.670Z,account=AUTO
ORDER,GOOG,RND1764651757202,SELL,10,124.00,,2025-12-02T05:02:37.202Z,account=AUTO
ORDER,MSFT,RND1764651759426,BUY,20,65.00,,2025-12-02T05:02:39.426Z,account=AUTO
ORDER,MSFT,RND1764651761967,SELL,100,280.00,,2025-12-02T05:02:41.968Z,account=AUTO
ORDER,AAPL,RND1764651764150,BUY,50,85.00,,2025-12-02T05:02:44.150Z,account=AUTO
ORDER,GOOG,RND1764651766665,SELL,50,116.00,,2025-12-02T05:02:46.665Z,account=AUTO
ORDER,NFLX,RND1764651769647,SELL,20,86.00,,2025-12-02T05:02:49.647Z,account=AUTO
TRADE,NFLX,RND1764651675444,BUY,20,144.00,RND1764651769647,2025-12-02T05:02:49.647Z,
ORDER,TSLA,RND1764651772047,BUY,60,131.00,,2025-12-02T05:02:52.047Z,account=AUTO
TRADE,TSLA,RND1764651772047,BUY,10,96.00,RND1764651739564,2025-12-02T05:02:52.047Z,
ORDER,AMZN,RND1764651774183,SELL,20,233.00,,2025-12-02T05:02:54.183Z,account=AUTO
ORDER,MSFT,RND1764651776324,BUY,40,200.00,,2025-12-02T05:02:56.324Z,account=AUTO
ORDER,TSLA,RND1764651779007,BUY,20,57.00,,2025-12-02T05:02:59.007Z,account=AUTO
ORDER,NFLX,RND1764651781183,BUY,30,191.00,,2025-12-02T05:03:01.183Z,account=AUTO
TRADE,NFLX,RND1764651781183,BUY,30,163.00,RND1764651668228,2025-12-02T05:03:01.183Z,
ORDER,GOOG,RND1764651783209,SELL,50,151.00,,2025-12-02T05:03:03.209Z,account=AUTO
ORDER,MSFT,RND1764651785614,SELL,50,242.00,,2025-12-02T05:03:05.614Z,account=AUTO
ORDER,GOOG,RND1764651788569,BUY,70,233.00,,2025-12-02T05:03:08.569Z,account=AUTO
TRADE,GOOG,RND1764651788569,BUY,50,116.00,RND1764651766665,2025-12-02T05:03:08.569Z,
TRADE,GOOG,RND1764651788569,BUY,10,124.00,RND1764651757202,2025-12-02T05:03:08.569Z,
TRADE,GOOG,RND1764651788569,BUY,10,151.00,RND1764651783209,2025-12-02T05:03:08.569Z,
ORDER,GOOG,RND1764651791040,BUY,90,169.00,,2025-12-02T05:03:11.040Z,account=AUTO
TRADE,GOOG,RND1764651791040,BUY,40,151.00,RND1764651783209,2025-12-02T05:03:11.040Z,
TRADE,GOOG,RND1764651791040,BUY,50,159.00,RND1764651692179,2025-12-02T05:03:11.041Z,
ORDER,GOOG,RND1764651793646,SELL,90,240.00,,2025-12-02T05:03:13.646Z,account=AUTO
ORDER,AMZN,RND1764651795794,SELL,100,53.00,,2025-12-02T05:03:15.794Z,account=AUTO
TRADE,AMZN,RND1764651737388,BUY,60,117.00,RND1764651795794,2025-12-02T05:03:15.794Z,
TRADE,AMZN,RND1764651749828,BUY,40,68.00,RND1764651795794,2025-12-02T05:03:15.794Z,
ORDER,AAPL,RND1764651798724,SELL,50,146.00,,2025-12-02T05:03:18.724Z,account=AUTO
ORDER,NFLX,RND1764651800863,SELL,30,165.00,,2025-12-02T05:03:20.863Z,account=AUTO
ORDER,AMZN,RND1764651802961,BUY,90,164.00,,2025-12-02T05:03:22.961Z,account=AUTO
ORDER,AMZN,RND1764651805589,BUY,20,78.00,,2025-12-02T05:03:25.589Z,account=AUTO
ORDER,MSFT,RND1764651807941,BUY,80,113.00,,2025-12-02T05:03:27.941Z,account=AUTO
ORDER,NFLX,RND1764651810150,BUY,30,99.00,,2025-12-02T05:03:30.150Z,account=AUTO
ORDER,AAPL,RND1764651812694,SELL,80,226.00,,2025-12-02T05:03:32.694Z,account=AUTO
ORDER,MSFT,RND1764651815591,BUY,20,120.00,,2025-12-02T05:03:35.591Z,account=AUTO
ORDER,TSLA,RND1764651818562,SELL,80,206.00,,2025-12-02T05:03:38.562Z,account=AUTO
ORDER,AAPL,RND1764651820963,SELL,50,207.00,,2025-12-02T05:03:40.963Z,account=AUTO
ORDER,AAPL,RND1764651823960,SELL,90,94.00,,2025-12-02T05:03:43.960Z,account=AUTO
TRADE,AAPL,RND1764651582451,BUY,20,124.00,RND1764651823960,2025-12-02T05:03:43.960Z,
TRADE,AAPL,RND1764651577812,BUY,70,100.00,RND1764651823960,2025-12-02T05:03:43.960Z,
ORDER,TSLA,RND1764651826752,SELL,40,249.00,,2025-12-02T05:03:46.752Z,account=AUTO
ORDER,GOOG,RND1764651829410,BUY,90,197.00,,2025-12-02T05:03:49.410Z,account=AUTO
TRADE,GOOG,RND1764651829410,BUY,90,188.00,RND1764651754670,2025-12-02T05:03:49.411Z,
ORDER,AAPL,RND1764651831794,SELL,30,78.00,,2025-12-02T05:03:51.794Z,account=AUTO
TRADE,AAPL,RND1764651577812,BUY,20,100.00,RND1764651831794,2025-12-02T05:03:51.794Z,
TRADE,AAPL,RND1764651764150,BUY,10,85.00,RND1764651831794,2025-12-02T05:03:51.794Z,
ORDER,GOOG,RND1764651834706,BUY,90,110.00,,2025-12-02T05:03:54.706Z,account=AUTO
ORDER,MSFT,RND1764651837420,BUY,80,104.00,,2025-12-02T05:03:57.420Z,account=AUTO
ORDER,TSLA,RND1764651839520,SELL,60,238.00,,2025-12-02T05:03:59.521Z,account=AUTO
ORDER,AAPL,RND1764651842011,BUY,10,170.00,,2025-12-02T05:04:02.011Z,account=AUTO
TRADE,AAPL,RND1764651842011,BUY,10,146.00,RND1764651798724,2025-12-02T05:04:02.011Z,
ORDER,TSLA,RND1764651844356,SELL,90,299.00,,2025-12-02T05:04:04.356Z,account=AUTO
ORDER,NFLX,RND1764651847102,SELL,80,116.00,,2025-12-02T05:04:07.102Z,account=AUTO
TRADE,NFLX,RND1764651675444,BUY,10,144.00,RND1764651847102,2025-12-02T05:04:07.102Z,
ORDER,AAPL,RND1764651849936,SELL,40,145.00,,2025-12-02T05:04:09.937Z,account=AUTO
ORDER,GOOG,RND1764651852263,SELL,40,218.00,,2025-12-02T05:04:12.263Z,account=AUTO
ORDER,AMZN,RND1764651854717,SELL,60,51.00,,2025-12-02T05:04:14.717Z,account=AUTO
TRADE,AMZN,RND1764651802961,BUY,60,164.00,RND1764651854717,2025-12-02T05:04:14.717Z,
ORDER,META,RND1764651856735,BUY,70,286.00,,2025-12-02T05:04:16.735Z,account=AUTO
TRADE,META,RND1764651856735,BUY,10,140.00,RND1764651567455,2025-12-02T05:04:16.736Z,
TRADE,META,RND1764651856735,BUY,60,261.00,RND1764651589312,2025-12-02T05:04:16.736Z,
ORDER,MSFT,RND1764651859624,SELL,10,75.00,,2025-12-02T05:04:19.624Z,account=AUTO
TRADE,MSFT,RND1764651776324,BUY,10,200.00,RND1764651859624,2025-12-02T05:04:19.624Z,
ORDER,NFLX,RND1764651861694,SELL,70,132.00,,2025-12-02T05:04:21.694Z,account=AUTO
ORDER,META,RND1764651864064,SELL,80,165.00,,2025-12-02T05:04:24.064Z,account=AUTO
ORDER,NFLX,RND1764651866773,SELL,100,59.00,,2025-12-02T05:04:26.773Z,account=AUTO
TRADE,NFLX,RND1764651810150,BUY,30,99.00,RND1764651866773,2025-12-02T05:04:26.774Z,
TRADE,NFLX,RND1764651579892,BUY,20,85.00,RND1764651866773,2025-12-02T05:04:26.774Z,
TRADE,NFLX,RND1764651611080,BUY,20,83.00,RND1764651866773,2025-12-02T05:04:26.774Z,
ORDER,AMZN,RND1764651869529,BUY,70,277.00,,2025-12-02T05:04:29.529Z,account=AUTO
TRADE,AMZN,RND1764651869529,BUY,70,192.00,RND1764651715962,2025-12-02T05:04:29.529Z,
ORDER,TSLA,RND1764651871925,BUY,70,282.00,,2025-12-02T05:04:31.925Z,account=AUTO
TRADE,TSLA,RND1764651871925,BUY,70,206.00,RND1764651818562,2025-12-02T05:04:31.925Z,
ORDER,NFLX,RND1764651874256,BUY,60,115.00,,2025-12-02T05:04:34.256Z,account=AUTO
TRADE,NFLX,RND1764651874256,BUY,30,59.00,RND1764651866773,2025-12-02T05:04:34.256Z,
ORDER,MSFT,RND1764651876263,BUY,100,148.00,,2025-12-02T05:04:36.263Z,account=AUTO
ORDER,AAPL,RND1764651878437,BUY,70,91.00,,2025-12-02T05:04:38.437Z,account=AUTO
ORDER,TSLA,RND1764651880871,SELL,60,158.00,,2025-12-02T05:04:40.871Z,account=AUTO
ORDER,AAPL,RND1764651883567,SELL,50,90.00,,2025-12-02T05:04:43.567Z,account=AUTO
TRADE,AAPL,RND1764651878437,BUY,50,91.00,RND1764651883567,2025-12-02T05:04:43.568Z,
ORDER,TSLA,RND1764651885910,SELL,30,172.00,,2025-12-02T05:04:45.910Z,account=AUTO
ORDER,GOOG,RND1764651888485,BUY,60,175.00,,2025-12-02T05:04:48.485Z,account=AUTO
ORDER,AAPL,MAN1764652150219,BUY,20,98.01,,2025-12-02T05:09:10.222Z,account=USER
ORDER,META,RND1764652478830,BUY,90,85.00,,2025-12-02T05:14:38.841Z,account=AUTO
ORDER,NFLX,RND1764652481041,SELL,50,111.00,,2025-12-02T05:14:41.041Z,account=AUTO
ORDER,AAPL,RND1764652483110,SELL,20,228.00,,2025-12-02T05:14:43.110Z,account=AUTO
ORDER,MSFT,RND1764652485750,SELL,100,170.00,,2025-12-02T05:14:45.750Z,account=AUTO
ORDER,AAPL,RND1764652487822,BUY,10,240.00,,2025-12-02T05:14:47.822Z,account=AUTO
TRADE,AAPL,RND1764652487822,BUY,10,228.00,RND1764652483110,2025-12-02T05:14:47.823Z,
ORDER,GOOG,RND1764652490542,BUY,20,82.00,,2025-12-02T05:14:50.542Z,account=AUTO
ORDER,TSLA,RND1764652492618,SELL,60,202.00,,2025-12-02T05:14:52.618Z,account=AUTO
ORDER,GOOG,RND1764652495554,SELL,50,95.00,,2025-12-02T05:14:55.554Z,account=AUTO
ORDER,AAPL,RND1764652498045,BUY,20,215.00,,2025-12-02T05:14:58.045Z,account=AUTO
ORDER,MSFT,RND1764652500710,SELL,30,97.00,,2025-12-02T05:15:00.710Z,account=AUTO
ORDER,NFLX,RND1764652503344,BUY,100,294.00,,2025-12-02T05:15:03.344Z,account=AUTO
TRADE,NFLX,RND1764652503344,BUY,50,111.00,RND1764652481041,2025-12-02T05:15:03.345Z,
ORDER,TSLA,RND1764652505796,SELL,50,174.00,,2025-12-02T05:15:05.796Z,account=AUTO
ORDER,AMZN,RND1764652507862,BUY,60,185.00,,2025-12-02T05:15:07.862Z,account=AUTO
ORDER,GOOG,RND1764652509971,SELL,60,93.00,,2025-12-02T05:15:09.971Z,account=AUTO
ORDER,MSFT,RND1764652512636,SELL,10,148.00,,2025-12-02T05:15:12.636Z,account=AUTO
ORDER,MSFT,RND1764652514842,BUY,70,268.00,,2025-12-02T05:15:14.842Z,account=AUTO
TRADE,MSFT,RND1764652514842,BUY,30,97.00,RND1764652500710,2025-12-02T05:15:14.843Z,
TRADE,MSFT,RND1764652514842,BUY,10,148.00,RND1764652512636,2025-12-02T05:15:14.844Z,
TRADE,MSFT,RND1764652514842,BUY,30,170.00,RND1764652485750,2025-12-02T05:15:14.844Z,
ORDER,AMZN,RND1764652517662,SELL,40,291.00,,2025-12-02T05:15:17.662Z,account=AUTO
ORDER,NFLX,RND1764652520288,SELL,20,172.00,,2025-12-02T05:15:20.288Z,account=AUTO
TRADE,NFLX,RND1764652503344,BUY,20,294.00,RND1764652520288,2025-12-02T05:15:20.289Z,
ORDER,AMZN,RND1764652522940,BUY,20,173.00,,2025-12-02T05:15:22.940Z,account=AUTO
ORDER,AAPL,RND1764652990201,SELL,30,176.00,,2025-12-02T05:23:10.213Z,account=AUTO
ORDER,TSLA,RND1764652992796,SELL,10,217.00,,2025-12-02T05:23:12.796Z,account=AUTO
ORDER,AAPL,RND1764652994835,SELL,30,258.00,,2025-12-02T05:23:14.835Z,account=AUTO
ORDER,TSLA,RND1764652997257,SELL,30,142.00,,2025-12-02T05:23:17.257Z,account=AUTO
ORDER,META,RND1764652999826,BUY,50,76.00,,2025-12-02T05:23:19.826Z,account=AUTO
ORDER,TSLA,RND1764653002155,BUY,40,96.00,,2025-12-02T05:23:22.155Z,account=AUTO
ORDER,TSLA,RND1764653004423,BUY,60,259.00,,2025-12-02T05:23:24.423Z,account=AUTO
TRADE,TSLA,RND1764653004423,BUY,30,142.00,RND1764652997257,2025-12-02T05:23:24.425Z,
TRADE,TSLA,RND1764653004423,BUY,10,217.00,RND1764652992796,2025-12-02T05:23:24.435Z,
ORDER,TSLA,RND1764653006759,BUY,100,145.00,,2025-12-02T05:23:26.759Z,account=AUTO
ORDER,AAPL,RND1764653030416,BUY,90,288.00,,2025-12-02T05:23:50.416Z,account=AUTO
TRADE,AAPL,RND1764653030416,BUY,30,176.00,RND1764652990201,2025-12-02T05:23:50.416Z,
TRADE,AAPL,RND1764653030416,BUY,30,258.00,RND1764652994835,2025-12-02T05:23:50.417Z,
ORDER,META,RND1764653033289,SELL,60,177.00,,2025-12-02T05:23:53.289Z,account=AUTO
ORDER,NFLX,RND1764653035530,SELL,10,217.00,,2025-12-02T05:23:55.530Z,account=AUTO
ORDER,NFLX,RND1764653038447,BUY,70,224.00,,2025-12-02T05:23:58.447Z,account=AUTO
TRADE,NFLX,RND1764653038447,BUY,10,217.00,RND1764653035530,2025-12-02T05:23:58.448Z,
ORDER,TSLA,RND1764653041401,SELL,50,68.00,,2025-12-02T05:24:01.401Z,account=AUTO
TRADE,TSLA,RND1764653004423,BUY,20,259.00,RND1764653041401,2025-12-02T05:24:01.402Z,
TRADE,TSLA,RND1764653006759,BUY,30,145.00,RND1764653041401,2025-12-02T05:24:01.403Z,
ORDER,META,RND1764653043771,SELL,70,68.00,,2025-12-02T05:24:03.771Z,account=AUTO
TRADE,META,RND1764652999826,BUY,50,76.00,RND1764653043771,2025-12-02T05:24:03.772Z,
ORDER,TSLA,RND1764653045796,BUY,30,282.00,,2025-12-02T05:24:05.796Z,account=AUTO
ORDER,AMZN,RND1764653048130,BUY,70,230.00,,2025-12-02T05:24:08.130Z,account=AUTO
ORDER,MSFT,RND1764653050146,BUY,80,195.00,,2025-12-02T05:24:10.146Z,account=AUTO
ORDER,AMZN,RND1764653052975,SELL,80,103.00,,2025-12-02T05:24:12.975Z,account=AUTO
TRADE,AMZN,RND1764653048130,BUY,70,230.00,RND1764653052975,2025-12-02T05:24:12.976Z,
ORDER,NFLX,RND1764653055012,BUY,80,133.00,,2025-12-02T05:24:15.012Z,account=AUTO
ORDER,META,RND1764653057045,BUY,90,71.00,,2025-12-02T05:24:17.045Z,account=AUTO
TRADE,META,RND1764653057045,BUY,20,68.00,RND1764653043771,2025-12-02T05:24:17.045Z,
ORDER,AAPL,RND1764653059396,BUY,50,243.00,,2025-12-02T05:24:19.396Z,account=AUTO
ORDER,AAPL,RND1764653062300,SELL,20,230.00,,2025-12-02T05:24:22.300Z,account=AUTO
TRADE,AAPL,RND1764653030416,BUY,20,288.00,RND1764653062300,2025-12-02T05:24:22.301Z,
ORDER,NFLX,RND1764653064691,SELL,40,134.00,,2025-12-02T05:24:24.691Z,account=AUTO
TRADE,NFLX,RND1764653038447,BUY,40,224.00,RND1764653064691,2025-12-02T05:24:24.692Z,
ORDER,NFLX,RND1764653067194,BUY,70,202.00,,2025-12-02T05:24:27.194Z,account=AUTO
ORDER,TSLA,RND1764653069864,SELL,40,265.00,,2025-12-02T05:24:29.864Z,account=AUTO
TRADE,TSLA,RND1764653045796,BUY,30,282.00,RND1764653069864,2025-12-02T05:24:29.864Z,
ORDER,AAPL,RND1764653072283,BUY,10,173.00,,2025-12-02T05:24:32.283Z,account=AUTO
ORDER,AMZN,RND1764653075066,SELL,90,99.00,,2025-12-02T05:24:35.066Z,account=AUTO
ORDER,MSFT,RND1764653077099,SELL,90,55.00,,2025-12-02T05:24:37.099Z,account=AUTO
TRADE,MSFT,RND1764653050146,BUY,80,195.00,RND1764653077099,2025-12-02T05:24:37.099Z,
ORDER,TSLA,RND1764653079714,SELL,100,229.00,,2025-12-02T05:24:39.715Z,account=AUTO
ORDER,NFLX,RND1764653082104,BUY,20,251.00,,2025-12-02T05:24:42.104Z,account=AUTO
ORDER,TSLA,RND1764653084212,BUY,60,126.00,,2025-12-02T05:24:44.212Z,account=AUTO
ORDER,NFLX,RND1764653086971,SELL,20,261.00,,2025-12-02T05:24:46.971Z,account=AUTO
ORDER,TSLA,RND1764653089559,SELL,40,149.00,,2025-12-02T05:24:49.559Z,account=AUTO
ORDER,AAPL,RND1764653091591,BUY,50,279.00,,2025-12-02T05:24:51.591Z,account=AUTO
ORDER,AMZN,RND1764653094438,BUY,20,233.00,,2025-12-02T05:24:54.438Z,account=AUTO
TRADE,AMZN,RND1764653094438,BUY,20,99.00,RND1764653075066,2025-12-02T05:24:54.438Z,
ORDER,MSFT,RND1764653097300,BUY,60,200.00,,2025-12-02T05:24:57.300Z,account=AUTO
TRADE,MSFT,RND1764653097300,BUY,10,55.00,RND1764653077099,2025-12-02T05:24:57.301Z,
ORDER,TSLA,RND1764653100037,SELL,50,291.00,,2025-12-02T05:25:00.037Z,account=AUTO
ORDER,META,RND1764653102705,BUY,90,210.00,,2025-12-02T05:25:02.705Z,account=AUTO
TRADE,META,RND1764653102705,BUY,60,177.00,RND1764653033289,2025-12-02T05:25:02.707Z,
ORDER,TSLA,RND1764653105310,BUY,20,78.00,,2025-12-02T05:25:05.310Z,account=AUTO
ORDER,MSFT,RND1764653588139,SELL,90,87.00,,2025-12-02T05:33:08.149Z,account=AUTO
ORDER,MSFT,RND1764653591069,SELL,60,281.00,,2025-12-02T05:33:11.069Z,account=AUTO
ORDER,MSFT,RND1764653593549,SELL,10,193.00,,2025-12-02T05:33:13.549Z,account=AUTO
ORDER,NFLX,RND1764653596242,BUY,20,56.00,,2025-12-02T05:33:16.242Z,account=AUTO
ORDER,NFLX,RND1764653599143,BUY,100,252.00,,2025-12-02T05:33:19.143Z,account=AUTO
ORDER,META,RND1764653601461,SELL,90,280.00,,2025-12-02T05:33:21.461Z,account=AUTO
ORDER,GOOG,RND1764653604033,BUY,80,262.00,,2025-12-02T05:33:24.033Z,account=AUTO
ORDER,TSLA,RND1764653606866,BUY,90,159.00,,2025-12-02T05:33:26.866Z,account=AUTO
ORDER,TSLA,RND1764653609663,SELL,50,65.00,,2025-12-02T05:33:29.663Z,account=AUTO
TRADE,TSLA,RND1764653606866,BUY,50,159.00,RND1764653609663,2025-12-02T05:33:29.665Z,
ORDER,MSFT,RND1764653611875,BUY,10,294.00,,2025-12-02T05:33:31.875Z,account=AUTO
TRADE,MSFT,RND1764653611875,BUY,10,87.00,RND1764653588139,2025-12-02T05:33:31.876Z,
ORDER,META,RND1764653614302,BUY,50,238.00,,2025-12-02T05:33:34.302Z,account=AUTO
ORDER,META,RND1764653616712,SELL,100,280.00,,2025-12-02T05:33:36.712Z,account=AUTO
ORDER,META,RND1764653619438,SELL,40,166.00,,2025-12-02T05:33:39.438Z,account=AUTO
TRADE,META,RND1764653614302,BUY,40,238.00,RND1764653619438,2025-12-02T05:33:39.439Z,
ORDER,MSFT,RND1764653621745,BUY,70,244.00,,2025-12-02T05:33:41.745Z,account=AUTO
TRADE,MSFT,RND1764653621745,BUY,70,87.00,RND1764653588139,2025-12-02T05:33:41.746Z,
ORDER,TSLA,RND1764653623932,SELL,60,298.00,,2025-12-02T05:33:43.932Z,account=AUTO
ORDER,MSFT,RND1764653626149,SELL,30,239.00,,2025-12-02T05:33:46.150Z,account=AUTO
ORDER,GOOG,RND1764653628166,BUY,20,173.00,,2025-12-02T05:33:48.166Z,account=AUTO
ORDER,AMZN,RND1764653630815,SELL,60,115.00,,2025-12-02T05:33:50.815Z,account=AUTO
ORDER,AMZN,RND1764653633136,BUY,90,213.00,,2025-12-02T05:33:53.136Z,account=AUTO
TRADE,AMZN,RND1764653633136,BUY,60,115.00,RND1764653630815,2025-12-02T05:33:53.137Z,
ORDER,GOOG,RND1764653635462,SELL,50,59.00,,2025-12-02T05:33:55.462Z,account=AUTO
TRADE,GOOG,RND1764653604033,BUY,50,262.00,RND1764653635462,2025-12-02T05:33:55.463Z,
ORDER,META,RND1764653637645,BUY,80,115.00,,2025-12-02T05:33:57.645Z,account=AUTO
ORDER,AAPL,RND1764653639976,SELL,40,260.00,,2025-12-02T05:33:59.976Z,account=AUTO
ORDER,NFLX,RND1764653642473,BUY,20,203.00,,2025-12-02T05:34:02.473Z,account=AUTO
ORDER,AMZN,RND1764653644577,SELL,90,201.00,,2025-12-02T05:34:04.577Z,account=AUTO
TRADE,AMZN,RND1764653633136,BUY,30,213.00,RND1764653644577,2025-12-02T05:34:04.578Z,
ORDER,GOOG,RND1764653647238,SELL,30,256.00,,2025-12-02T05:34:07.238Z,account=AUTO
TRADE,GOOG,RND1764653604033,BUY,30,262.00,RND1764653647238,2025-12-02T05:34:07.238Z,
ORDER,NFLX,RND1764653649661,BUY,40,81.00,,2025-12-02T05:34:09.661Z,account=AUTO
ORDER,NFLX,RND1764655342792,BUY,40,191.00,,2025-12-02T06:02:22.796Z,account=AUTO
ORDER,AAPL,RND1764655344850,BUY,50,221.00,,2025-12-02T06:02:24.850Z,account=AUTO
ORDER,GOOG,RND1764655347421,SELL,20,115.00,,2025-12-02T06:02:27.421Z,account=AUTO
ORDER,AAPL,RND1764655350192,SELL,10,264.00,,2025-12-02T06:02:30.192Z,account=AUTO
ORDER,META,RND1764655352929,BUY,90,89.00,,2025-12-02T06:02:32.929Z,account=AUTO
ORDER,NFLX,RND1764655355373,SELL,20,116.00,,2025-12-02T06:02:35.373Z,account=AUTO
TRADE,NFLX,RND1764655342792,BUY,20,191.00,RND1764655355373,2025-12-02T06:02:35.375Z,
ORDER,GOOG,RND1764655357434,BUY,80,258.00,,2025-12-02T06:02:37.434Z,account=AUTO
TRADE,GOOG,RND1764655357434,BUY,20,115.00,RND1764655347421,2025-12-02T06:02:37.435Z,
ORDER,AAPL,RND1764655359901,SELL,50,79.00,,2025-12-02T06:02:39.901Z,account=AUTO
TRADE,AAPL,RND1764655344850,BUY,50,221.00,RND1764655359901,2025-12-02T06:02:39.902Z,
ORDER,META,RND1764655362456,SELL,40,106.00,,2025-12-02T06:02:42.456Z,account=AUTO
ORDER,META,RND1764655364953,BUY,10,83.00,,2025-12-02T06:02:44.953Z,account=AUTO
ORDER,MSFT,RND1764655367039,BUY,80,58.00,,2025-12-02T06:02:47.039Z,account=AUTO
ORDER,TSLA,RND1764655369283,SELL,70,111.00,,2025-12-02T06:02:49.283Z,account=AUTO
ORDER,META,RND1764655371364,BUY,60,220.00,,2025-12-02T06:02:51.364Z,account=AUTO
TRADE,META,RND1764655371364,BUY,40,106.00,RND1764655362456,2025-12-02T06:02:51.365Z,
ORDER,TSLA,RND1764655373449,SELL,50,50.00,,2025-12-02T06:02:53.449Z,account=AUTO
ORDER,META,RND1764655375625,BUY,10,177.00,,2025-12-02T06:02:55.625Z,account=AUTO
ORDER,AMZN,RND1764656447870,SELL,70,202.00,,2025-12-02T06:20:47.873Z,account=AUTO
ORDER,AAPL,RND1764656450060,SELL,10,169.00,,2025-12-02T06:20:50.060Z,account=AUTO
ORDER,AAPL,RND1764656452221,SELL,30,105.00,,2025-12-02T06:20:52.221Z,account=AUTO
ORDER,MSFT,RND1764656454550,SELL,100,184.00,,2025-12-02T06:20:54.550Z,account=AUTO
ORDER,GOOG,RND1764656457272,BUY,40,141.00,,2025-12-02T06:20:57.272Z,account=AUTO
ORDER,META,RND1764656460119,SELL,10,132.00,,2025-12-02T06:21:00.119Z,account=AUTO
ORDER,META,RND1764656462834,SELL,100,97.00,,2025-12-02T06:21:02.834Z,account=AUTO
ORDER,NFLX,RND1764656465665,SELL,40,115.00,,2025-12-02T06:21:05.665Z,account=AUTO
ORDER,MSFT,RND1764656467752,SELL,40,266.00,,2025-12-02T06:21:07.752Z,account=AUTO
ORDER,GOOG,RND1764656470094,SELL,90,62.00,,2025-12-02T06:21:10.094Z,account=AUTO
TRADE,GOOG,RND1764656457272,BUY,40,141.00,RND1764656470094,2025-12-02T06:21:10.096Z,
ORDER,MSFT,RND1764656472469,SELL,100,73.00,,2025-12-02T06:21:12.469Z,account=AUTO
ORDER,META,RND1764656474779,SELL,100,292.00,,2025-12-02T06:21:14.779Z,account=AUTO
ORDER,MSFT,RND1764656477158,SELL,100,90.00,,2025-12-02T06:21:17.158Z,account=AUTO
ORDER,NFLX,RND1764656480130,BUY,40,121.00,,2025-12-02T06:21:20.130Z,account=AUTO
TRADE,NFLX,RND1764656480130,BUY,40,115.00,RND1764656465665,2025-12-02T06:21:20.131Z,
ORDER,TSLA,RND1764656482889,SELL,80,277.00,,2025-12-02T06:21:22.889Z,account=AUTO
ORDER,NFLX,RND1764656485880,BUY,80,123.00,,2025-12-02T06:21:25.880Z,account=AUTO
ORDER,AAPL,RND1764656488144,SELL,60,102.00,,2025-12-02T06:21:28.144Z,account=AUTO
ORDER,MSFT,RND1764664333478,SELL,100,186.00,,2025-12-02T08:32:13.483Z,account=AUTO
ORDER,TSLA,RND1764664336122,SELL,40,219.00,,2025-12-02T08:32:16.122Z,account=AUTO
ORDER,AAPL,RND1764664338554,SELL,70,198.00,,2025-12-02T08:32:18.554Z,account=AUTO
ORDER,META,RND1764664340690,SELL,40,291.00,,2025-12-02T08:32:20.690Z,account=AUTO
ORDER,NFLX,RND1764664342784,BUY,30,107.00,,2025-12-02T08:32:22.784Z,account=AUTO
ORDER,TSLA,RND1764664345639,SELL,10,250.00,,2025-12-02T08:32:25.639Z,account=AUTO
ORDER,AAPL,RND1764664348241,BUY,40,278.00,,2025-12-02T08:32:28.241Z,account=AUTO
TRADE,AAPL,RND1764664348241,BUY,40,278.00,RND1764664338554,2025-12-02T08:32:28.251Z,
ORDER,AAPL,RND1764664350756,SELL,80,167.00,,2025-12-02T08:32:30.756Z,account=AUTO
ORDER,GOOG,RND1764664353399,SELL,10,255.00,,2025-12-02T08:32:33.399Z,account=AUTO
ORDER,GOOG,RND1764664356181,BUY,90,240.00,,2025-12-02T08:32:36.181Z,account=AUTO
ORDER,GOOG,RND1764664358717,SELL,60,296.00,,2025-12-02T08:32:38.717Z,account=AUTO
ORDER,META,RND1764664361548,BUY,70,100.00,,2025-12-02T08:32:41.548Z,account=AUTO
ORDER,AAPL,RND1764664363783,SELL,40,261.00,,2025-12-02T08:32:43.783Z,account=AUTO
ORDER,AMZN,RND1764664365819,SELL,100,82.00,,2025-12-02T08:32:45.819Z,account=AUTO
ORDER,GOOG,RND1764664368515,BUY,20,277.00,,2025-12-02T08:32:48.515Z,account=AUTO
TRADE,GOOG,RND1764664368515,BUY,10,277.00,RND1764664353399,2025-12-02T08:32:48.516Z,
ORDER,MSFT,RND1764664371334,SELL,100,288.00,,2025-12-02T08:32:51.334Z,account=AUTO
ORDER,MSFT,RND1764664373865,SELL,10,204.00,,2025-12-02T08:32:53.865Z,account=AUTO
ORDER,GOOG,RND1764664376214,SELL,50,63.00,,2025-12-02T08:32:56.214Z,account=AUTO
TRADE,GOOG,RND1764664368515,BUY,10,277.00,RND1764664376214,2025-12-02T08:32:56.214Z,
TRADE,GOOG,RND1764664356181,BUY,40,240.00,RND1764664376214,2025-12-02T08:32:56.216Z,
ORDER,AMZN,RND1764664378667,BUY,50,270.00,,2025-12-02T08:32:58.667Z,account=AUTO
TRADE,AMZN,RND1764664378667,BUY,50,270.00,RND1764664365819,2025-12-02T08:32:58.668Z,
ORDER,MSFT,RND1764664381054,SELL,10,279.00,,2025-12-02T08:33:01.054Z,account=AUTO
ORDER,TSLA,RND1764664383596,BUY,100,175.00,,2025-12-02T08:33:03.596Z,account=AUTO
ORDER,NFLX,RND1764664385699,BUY,30,205.00,,2025-12-02T08:33:05.699Z,account=AUTO
ORDER,META,RND1764664387929,BUY,50,260.00,,2025-12-02T08:33:07.929Z,account=AUTO
ORDER,AAPL,RND1764664390605,SELL,70,214.00,,2025-12-02T08:33:10.605Z,account=AUTO
ORDER,NFLX,RND1764664392653,SELL,10,133.00,,2025-12-02T08:33:12.654Z,account=AUTO
TRADE,NFLX,RND1764664385699,BUY,10,205.00,RND1764664392653,2025-12-02T08:33:12.654Z,
ORDER,TSLA,RND1764664395088,SELL,60,138.00,,2025-12-02T08:33:15.088Z,account=AUTO
TRADE,TSLA,RND1764664383596,BUY,60,175.00,RND1764664395088,2025-12-02T08:33:15.089Z,
ORDER,TSLA,RND1764664397559,SELL,100,196.00,,2025-12-02T08:33:17.559Z,account=AUTO
ORDER,GOOG,RND1764664400313,SELL,10,118.00,,2025-12-02T08:33:20.313Z,account=AUTO
TRADE,GOOG,RND1764664356181,BUY,10,240.00,RND1764664400313,2025-12-02T08:33:20.313Z,
ORDER,TSLA,RND1764664402629,BUY,70,60.00,,2025-12-02T08:33:22.629Z,account=AUTO
ORDER,TSLA,RND1764664404886,BUY,80,177.00,,2025-12-02T08:33:24.886Z,account=AUTO
ORDER,TSLA,RND1764664407174,BUY,10,104.00,,2025-12-02T08:33:27.174Z,account=AUTO
ORDER,TSLA,RND1764664409778,SELL,100,286.00,,2025-12-02T08:33:29.778Z,account=AUTO
ORDER,AAPL,RND1764664412612,SELL,50,154.00,,2025-12-02T08:33:32.612Z,account=AUTO
ORDER,TSLA,RND1764664415044,BUY,60,160.00,,2025-12-02T08:33:35.045Z,account=AUTO
ORDER,META,RND1764664417841,BUY,10,164.00,,2025-12-02T08:33:37.841Z,account=AUTO
ORDER,GOOG,RND1764664420150,SELL,80,126.00,,2025-12-02T08:33:40.150Z,account=AUTO
TRADE,GOOG,RND1764664356181,BUY,40,240.00,RND1764664420150,2025-12-02T08:33:40.150Z,
ORDER,NFLX,RND1764664423028,BUY,10,72.00,,2025-12-02T08:33:43.028Z,account=AUTO
ORDER,AMZN,RND1764664425591,SELL,20,102.00,,2025-12-02T08:33:45.591Z,account=AUTO
ORDER,GOOG,RND1764664428042,SELL,40,279.00,,2025-12-02T08:33:48.042Z,account=AUTO
ORDER,META,RND1764664430844,BUY,40,156.00,,2025-12-02T08:33:50.844Z,account=AUTO
ORDER,GOOG,RND1764664433114,SELL,20,194.00,,2025-12-02T08:33:53.114Z,account=AUTO
ORDER,META,RND1764664435251,BUY,10,126.00,,2025-12-02T08:33:55.251Z,account=AUTO
ORDER,NFLX,RND1764664437365,BUY,80,268.00,,2025-12-02T08:33:57.365Z,account=AUTO
ORDER,NFLX,RND1764664439413,SELL,70,291.00,,2025-12-02T08:33:59.413Z,account=AUTO
ORDER,AAPL,RND1764678823636,BUY,30,85.00,,2025-12-02T12:33:43.643Z,
ORDER,AAPL,RND1764678825754,BUY,60,120.00,,2025-12-02T12:33:45.754Z,
ORDER,AAPL,RND1764678828311,SELL,40,179.00,,2025-12-02T12:33:48.311Z,
ORDER,AAPL,RND1764678831207,SELL,30,142.00,,2025-12-02T12:33:51.207Z,
ORDER,AAPL,RND1764678833419,BUY,70,123.00,,2025-12-02T12:33:53.419Z,
ORDER,MSFT,RND1764678835700,BUY,50,55.00,,2025-12-02T12:33:55.700Z,
ORDER,MSFT,RND1764678838132,BUY,10,232.00,,2025-12-02T12:33:58.132Z,
ORDER,AAPL,RND1764678840480,SELL,20,110.00,,2025-12-02T12:34:00.480Z,
TRADE,AAPL,RND1764678833419,BUY,20,110.00,RND1764678840480,2025-12-02T12:34:00.483Z,
ORDER,GOOG,RND1764678843402,SELL,50,93.00,,2025-12-02T12:34:03.402Z,
ORDER,MSFT,RND1764678846040,SELL,40,160.00,,2025-12-02T12:34:06.040Z,
TRADE,MSFT,RND1764678838132,BUY,10,160.00,RND1764678846040,2025-12-02T12:34:06.041Z,
ORDER,GOOG,RND1764678848661,BUY,70,200.00,,2025-12-02T12:34:08.661Z,
TRADE,GOOG,RND1764678848661,BUY,50,93.00,RND1764678843402,2025-12-02T12:34:08.661Z,
ORDER,GOOG,RND1764678850696,BUY,100,194.00,,2025-12-02T12:34:10.696Z,
ORDER,GOOG,RND1764678853011,SELL,90,141.00,,2025-12-02T12:34:13.011Z,
TRADE,GOOG,RND1764678848661,BUY,20,141.00,RND1764678853011,2025-12-02T12:34:13.012Z,
TRADE,GOOG,RND1764678850696,BUY,70,141.00,RND1764678853011,2025-12-02T12:34:13.012Z,
ORDER,MSFT,RND1764678855262,SELL,50,107.00,,2025-12-02T12:34:15.262Z,
ORDER,GOOG,RND1764678857598,SELL,100,161.00,,2025-12-02T12:34:17.598Z,
TRADE,GOOG,RND1764678850696,BUY,30,161.00,RND1764678857598,2025-12-02T12:34:17.599Z,
ORDER,AAPL,RND1764679127106,BUY,40,59.00,,2025-12-02T12:38:47.110Z,
ORDER,META,RND1764679129758,SELL,50,230.00,,2025-12-02T12:38:49.758Z,
ORDER,GOOG,RND1764679132095,BUY,100,135.00,,2025-12-02T12:38:52.095Z,
ORDER,MSFT,RND1764679134801,SELL,90,90.00,,2025-12-02T12:38:54.801Z,
ORDER,MSFT,RND1764679136964,BUY,70,51.00,,2025-12-02T12:38:56.964Z,
ORDER,MSFT,RND1764679139116,SELL,50,107.00,,2025-12-02T12:38:59.116Z,
ORDER,META,RND1764679141780,BUY,70,102.00,,2025-12-02T12:39:01.780Z,
ORDER,GOOG,RND1764679143844,BUY,20,181.00,,2025-12-02T12:39:03.844Z,
ORDER,MSFT,RND1764679146446,SELL,20,192.00,,2025-12-02T12:39:06.446Z,
ORDER,META,RND1764679148731,SELL,40,151.00,,2025-12-02T12:39:08.731Z,
ORDER,META,RND1764679150763,BUY,90,116.00,,2025-12-02T12:39:10.763Z,
ORDER,AAPL,RND1764679152948,BUY,70,101.00,,2025-12-02T12:39:12.948Z,
ORDER,GOOG,RND1764679155168,BUY,10,140.00,,2025-12-02T12:39:15.168Z,
ORDER,TSLA,RND1764679157789,BUY,70,207.00,,2025-12-02T12:39:17.789Z,
ORDER,META,RND1764679160279,BUY,50,240.00,,2025-12-02T12:39:20.279Z,
ORDER,TSLA,RND1764679162654,SELL,30,190.00,,2025-12-02T12:39:22.654Z,
ORDER,TSLA,RND1764679165601,BUY,40,153.00,,2025-12-02T12:39:25.601Z,
ORDER,META,RND1764679168383,SELL,20,60.00,,2025-12-02T12:39:28.383Z,
ORDER,META,RND1764679170657,SELL,20,104.00,,2025-12-02T12:39:30.657Z,
ORDER,META,RND1764679173020,BUY,80,86.00,,2025-12-02T12:39:33.020Z,
ORDER,TSLA,RND1764679175184,BUY,80,189.00,,2025-12-02T12:39:35.184Z,
ORDER,AAPL,RND1764679178012,SELL,20,161.00,,2025-12-02T12:39:38.012Z,
ORDER,GOOG,RND1764679198712,SELL,90,238.00,,2025-12-02T12:39:58.717Z,
ORDER,MSFT,RND1764679201225,BUY,100,106.00,,2025-12-02T12:40:01.225Z,
ORDER,AAPL,RND1764679203697,BUY,80,224.00,,2025-12-02T12:40:03.697Z,
ORDER,AAPL,RND1764679206421,BUY,10,237.00,,2025-12-02T12:40:06.421Z,
ORDER,GOOG,RND1764679208755,SELL,40,192.00,,2025-12-02T12:40:08.755Z,
ORDER,MSFT,RND1764679210896,BUY,20,207.00,,2025-12-02T12:40:10.896Z,
ORDER,GOOG,RND1764679213130,SELL,20,95.00,,2025-12-02T12:40:13.130Z,
ORDER,AAPL,RND1764679215175,BUY,90,59.00,,2025-12-02T12:40:15.175Z,
ORDER,AAPL,RND1764679217980,BUY,50,87.00,,2025-12-02T12:40:17.980Z,
ORDER,GOOG,RND1764679220129,BUY,90,163.00,,2025-12-02T12:40:20.129Z,
ORDER,MSFT,RND1764679223110,SELL,100,166.00,,2025-12-02T12:40:23.110Z,
ORDER,MSFT,RND1764679225649,SELL,50,72.00,,2025-12-02T12:40:25.649Z,
ORDER,META,RND1764679227930,SELL,10,237.00,,2025-12-02T12:40:27.930Z,
ORDER,TSLA,RND1764679229964,SELL,50,202.00,,2025-12-02T12:40:29.964Z,
ORDER,AAPL,RND1764679232694,BUY,40,243.00,,2025-12-02T12:40:32.694Z,
ORDER,GOOG,RND1764679235212,SELL,50,80.00,,2025-12-02T12:40:35.212Z,
ORDER,AAPL,RND1764679237908,BUY,50,131.00,,2025-12-02T12:40:37.908Z,
ORDER,TSLA,RND1764679240174,SELL,70,110.00,,2025-12-02T12:40:40.174Z,
ORDER,AAPL,RND1764679242969,SELL,80,153.00,,2025-12-02T12:40:42.969Z,
ORDER,MSFT,RND1764679245134,SELL,10,60.00,,2025-12-02T12:40:45.134Z,
ORDER,META,RND1764679247889,BUY,10,153.00,,2025-12-02T12:40:47.889Z,
ORDER,GOOG,RND1764679249946,BUY,60,155.00,,2025-12-02T12:40:49.946Z,
ORDER,MSFT,RND1764679252379,BUY,40,151.00,,2025-12-02T12:40:52.379Z,
ORDER,GOOG,RND1764679255357,SELL,30,185.00,,2025-12-02T12:40:55.357Z,
ORDER,META,RND1764679257942,SELL,80,226.00,,2025-12-02T12:40:57.942Z,
ORDER,AAPL,RND1764680335558,BUY,20,70.00,,2025-12-02T12:58:55.561Z,
ORDER,MSFT,RND1764680338443,BUY,40,246.00,,2025-12-02T12:58:58.443Z,
ORDER,TSLA,RND1764680341061,SELL,90,220.00,,2025-12-02T12:59:01.061Z,
ORDER,META,RND1764680343843,BUY,60,221.00,,2025-12-02T12:59:03.843Z,
ORDER,NFLX,RND1764680346030,BUY,60,126.00,,2025-12-02T12:59:06.030Z,
ORDER,AMZN,RND1764680348126,BUY,60,97.00,,2025-12-02T12:59:08.126Z,
ORDER,GOOG,RND1764680350536,SELL,10,106.00,,2025-12-02T12:59:10.536Z,
ORDER,META,RND1764680353115,SELL,30,82.00,,2025-12-02T12:59:13.115Z,
ORDER,AMZN,RND1764680355829,BUY,100,157.00,,2025-12-02T12:59:15.829Z,
ORDER,MSFT,RND1764680358795,BUY,10,196.00,,2025-12-02T12:59:18.795Z,
ORDER,TSLA,RND1764680361654,SELL,30,166.00,,2025-12-02T12:59:21.654Z,
ORDER,AAPL,RND1764680364208,BUY,30,166.00,,2025-12-02T12:59:24.208Z,
ORDER,GOOG,RND1764680366219,BUY,100,64.00,,2025-12-02T12:59:26.219Z,
ORDER,TSLA,RND1764680368392,BUY,20,213.00,,2025-12-02T12:59:28.392Z,
ORDER,NFLX,RND1764680370974,BUY,30,131.00,,2025-12-02T12:59:30.974Z,
ORDER,META,RND1764680373139,BUY,60,177.00,,2025-12-02T12:59:33.139Z,
ORDER,MSFT,RND1764680375682,SELL,20,203.00,,2025-12-02T12:59:35.683Z,
ORDER,TSLA,RND1764680378640,BUY,100,96.00,,2025-12-02T12:59:38.640Z,
ORDER,MSFT,RND1764680380678,BUY,70,201.00,,2025-12-02T12:59:40.678Z,
ORDER,TSLA,RND1764680383555,BUY,40,103.00,,2025-12-02T12:59:43.555Z,
ORDER,AAPL,RND1764680386178,BUY,40,67.00,,2025-12-02T12:59:46.178Z,
ORDER,AAPL,RND1764680388474,SELL,30,50.00,,2025-12-02T12:59:48.474Z,
ORDER,AMZN,RND1764680391414,BUY,100,219.00,,2025-12-02T12:59:51.414Z,
ORDER,NFLX,RND1764680394119,BUY,10,73.00,,2025-12-02T12:59:54.119Z,
ORDER,MSFT,RND1764680397068,SELL,80,69.00,,2025-12-02T12:59:57.068Z,
ORDER,META,RND1764680400022,BUY,100,89.00,,2025-12-02T13:00:00.022Z,
ORDER,AAPL,RND1764680402784,BUY,70,217.00,,2025-12-02T13:00:02.784Z,
ORDER,TSLA,RND1764680404972,SELL,10,244.00,,2025-12-02T13:00:04.972Z,
ORDER,MSFT,RND1764680407051,BUY,30,129.00,,2025-12-02T13:00:07.051Z,
ORDER,NFLX,RND1764680409330,SELL,70,217.00,,2025-12-02T13:00:09.330Z,
ORDER,AMZN,RND1764680412183,BUY,90,99.00,,2025-12-02T13:00:12.183Z,
ORDER,GOOG,RND1764680414286,BUY,80,84.00,,2025-12-02T13:00:14.286Z,
ORDER,AAPL,RND1764680417142,BUY,30,244.00,,2025-12-02T13:00:17.142Z,
ORDER,GOOG,RND1764680419720,SELL,100,186.00,,2025-12-02T13:00:19.720Z,
ORDER,MSFT,RND1764680422015,SELL,70,147.00,,2025-12-02T13:00:22.015Z,
ORDER,META,RND1764680424791,SELL,100,97.00,,2025-12-02T13:00:24.791Z,
ORDER,GOOG,RND1764680426858,SELL,80,169.00,,2025-12-02T13:00:26.858Z,
ORDER,GOOG,RND1764680429104,BUY,60,230.00,,2025-12-02T13:00:29.104Z,
ORDER,GOOG,RND1764680431937,BUY,30,188.00,,2025-12-02T13:00:31.937Z,
ORDER,MSFT,RND1764680434315,BUY,60,144.00,,2025-12-02T13:00:34.315Z,
ORDER,TSLA,RND1764680820403,SELL,90,93.00,,2025-12-02T13:07:00.407Z,
ORDER,GOOG,RND1764680822878,SELL,80,173.00,,2025-12-02T13:07:02.878Z,
ORDER,GOOG,RND1764680825102,SELL,100,123.00,,2025-12-02T13:07:05.102Z,
ORDER,META,RND1764680827577,BUY,80,92.00,,2025-12-02T13:07:07.577Z,
ORDER,AMZN,RND1764680829897,BUY,70,69.00,,2025-12-02T13:07:09.897Z,
ORDER,NFLX,RND1764680832545,SELL,50,179.00,,2025-12-02T13:07:12.545Z,
ORDER,NFLX,RND1764680834837,BUY,100,58.00,,2025-12-02T13:07:14.837Z,
ORDER,GOOG,RND1764680836879,BUY,40,173.00,,2025-12-02T13:07:16.879Z,
TRADE,GOOG,RND1764680836879,BUY,40,123.00,RND1764680825102,2025-12-02T13:07:16.881Z,
ORDER,AAPL,RND1764680839675,BUY,80,181.00,,2025-12-02T13:07:19.675Z,
ORDER,GOOG,RND1764680842055,BUY,10,145.00,,2025-12-02T13:07:22.055Z,
TRADE,GOOG,RND1764680842055,BUY,10,123.00,RND1764680825102,2025-12-02T13:07:22.056Z,
ORDER,TSLA,RND1764680844936,SELL,50,148.00,,2025-12-02T13:07:24.936Z,
ORDER,MSFT,MAN1764680869088,BUY,20,291,,2025-12-02T13:07:49.091Z,
ORDER,MSFT,MAN1764680884819,SELL,29,270,,2025-12-02T13:08:04.819Z,
TRADE,MSFT,MAN1764680869088,BUY,20,270,MAN1764680884819,2025-12-02T13:08:04.821Z,
ORDER,AMZN,RND1764682969802,BUY,10,101.00,,2025-12-02T13:42:49.809Z,
ORDER,AMZN,RND1764682972686,SELL,50,187.00,,2025-12-02T13:42:52.686Z,
ORDER,META,RND1764682975421,SELL,30,200.00,,2025-12-02T13:42:55.421Z,
ORDER,AMZN,RND1764682978207,BUY,100,158.00,,2025-12-02T13:42:58.207Z,
ORDER,NFLX,RND1764682980586,SELL,60,115.00,,2025-12-02T13:43:00.586Z,
ORDER,TSLA,RND1764682982924,BUY,10,120.00,,2025-12-02T13:43:02.924Z,
ORDER,AAPL,RND1764682985901,SELL,60,136.00,,2025-12-02T13:43:05.901Z,
ORDER,MSFT,RND1764682988584,SELL,100,246.00,,2025-12-02T13:43:08.584Z,
ORDER,AAPL,RND1764682990626,SELL,70,214.00,,2025-12-02T13:43:10.626Z,
ORDER,GOOG,RND1764682992934,SELL,30,62.00,,2025-12-02T13:43:12.934Z,
ORDER,GOOG,RND1764682995144,SELL,10,50.00,,2025-12-02T13:43:15.144Z,
ORDER,MSFT,RND1764682997620,SELL,40,248.00,,2025-12-02T13:43:17.620Z,
ORDER,AMZN,RND1764683000012,SELL,70,247.00,,2025-12-02T13:43:20.012Z,
ORDER,TSLA,RND1764683002052,SELL,50,113.00,,2025-12-02T13:43:22.052Z,
TRADE,TSLA,RND1764682982924,BUY,10,113.00,RND1764683002052,2025-12-02T13:43:22.062Z,
ORDER,MSFT,RND1764683004348,BUY,50,231.00,,2025-12-02T13:43:24.348Z,
ORDER,AAPL,RND1764683007345,SELL,90,118.00,,2025-12-02T13:43:27.345Z,
ORDER,NFLX,RND1764683010205,BUY,30,121.00,,2025-12-02T13:43:30.205Z,
TRADE,NFLX,RND1764683010205,BUY,30,115.00,RND1764682980586,2025-12-02T13:43:30.205Z,
ORDER,AMZN,RND1764683012613,SELL,20,180.00,,2025-12-02T13:43:32.613Z,
ORDER,AAPL,RND1764683014770,BUY,70,206.00,,2025-12-02T13:43:34.770Z,
TRADE,AAPL,RND1764683014770,BUY,70,118.00,RND1764683007345,2025-12-02T13:43:34.770Z,
ORDER,NFLX,RND1764683016815,SELL,40,53.00,,2025-12-02T13:43:36.815Z,
ORDER,NFLX,RND1764683019771,SELL,20,143.00,,2025-12-02T13:43:39.771Z,
ORDER,MSFT,RND1764683022209,SELL,100,209.00,,2025-12-02T13:43:42.209Z,
TRADE,MSFT,RND1764683004348,BUY,50,209.00,RND1764683022209,2025-12-02T13:43:42.209Z,
ORDER,AMZN,RND1764683024433,SELL,30,221.00,,2025-12-02T13:43:44.433Z,
ORDER,NFLX,RND1764683027285,SELL,50,135.00,,2025-12-02T13:43:47.285Z,
ORDER,META,RND1764683029870,SELL,30,148.00,,2025-12-02T13:43:49.870Z,
ORDER,AAPL,RND1764683032004,SELL,80,117.00,,2025-12-02T13:43:52.004Z,
ORDER,MSFT,MAN1764683163145,BUY,29,149.02,,2025-12-02T13:46:03.145Z,
ORDER,MSFT,MAN1764683182080,SELL,30,138.04,,2025-12-02T13:46:22.080Z,
TRADE,MSFT,MAN1764683163145,BUY,29,138.04,MAN1764683182080,2025-12-02T13:46:22.080Z,
ORDER,META,RND1764683515367,BUY,30,66.00,,2025-12-02T13:51:55.370Z,
ORDER,AAPL,RND1764683518153,SELL,100,117.00,,2025-12-02T13:51:58.153Z,
ORDER,NFLX,RND1764683520746,BUY,60,155.00,,2025-12-02T13:52:00.746Z,
ORDER,META,RND1764683523349,SELL,20,146.00,,2025-12-02T13:52:03.349Z,
ORDER,GOOG,RND1764683526076,BUY,40,229.00,,2025-12-02T13:52:06.076Z,
ORDER,GOOG,RND1764683528908,SELL,60,216.00,,2025-12-02T13:52:08.908Z,
TRADE,GOOG,RND1764683526076,BUY,40,216.00,RND1764683528908,2025-12-02T13:52:08.910Z,
ORDER,GOOG,RND1764683531030,BUY,70,70.00,,2025-12-02T13:52:11.030Z,
ORDER,AMZN,RND1764683533211,BUY,50,198.00,,2025-12-02T13:52:13.211Z,
ORDER,MSFT,RND1764683536043,BUY,10,149.00,,2025-12-02T13:52:16.043Z,
ORDER,NFLX,RND1764683538235,BUY,40,210.00,,2025-12-02T13:52:18.235Z,
ORDER,AAPL,RND1764683540870,SELL,100,97.00,,2025-12-02T13:52:20.870Z,
ORDER,MSFT,RND1764683543037,SELL,30,73.00,,2025-12-02T13:52:23.037Z,
TRADE,MSFT,RND1764683536043,BUY,10,73.00,RND1764683543037,2025-12-02T13:52:23.038Z,
ORDER,NFLX,RND1764683545690,BUY,40,204.00,,2025-12-02T13:52:25.690Z,
ORDER,ANLP,RND1764683547748,SELL,70,164.00,,2025-12-02T13:52:27.748Z,
ORDER,MSFT,RND1764683550002,SELL,70,233.00,,2025-12-02T13:52:30.002Z,
ORDER,META,RND1764683552433,BUY,40,164.00,,2025-12-02T13:52:32.433Z,
TRADE,META,RND1764683552433,BUY,20,146.00,RND1764683523349,2025-12-02T13:52:32.434Z,
ORDER,GOOG,MAN1764683585894,BUY,21,29.01,,2025-12-02T13:53:05.894Z,
ORDER,GOOG,MAN1764683600997,SELL,19,18.03,,2025-12-02T13:53:20.997Z,
TRADE,GOOG,RND1764683531030,BUY,19,18.03,MAN1764683600997,2025-12-02T13:53:20.997Z,
